CLICK,GRAB,ATCHECKOUT,FIXATION,FIXDURAS,FRAME,TIMESTPS,X,Y,BOUGHT,SUBJECT,IMAGEFILE,VIDEOFILE,RAWFIXATIONFILE,BAYSHELFAOI,VARIANTAOI,SIDE,BAYSHELF,BRAND,BRANDBLOCK,CATEGORY,COLOUR,SEGMENT,VARIANT
55,,0,1114,0.1,18335,733.4,15833,4191,0,11,WW2019 Aisle 4 Base Image V7,Recording011_Participant011_00.00.00-00.56.14.mp4,P11.csv,SD2B19S5,path1026,2,B19S5,V,B19S1-6 V,Energy,Green,Energy Multi Pack,V Energy Drink 4x275ml
27,,0,1086,0.12,17840,713.6,15750,3789,0,11,WW2019 Aisle 4 Base Image V7,Recording011_Participant011_00.00.00-00.56.14.mp4,P11.csv,SD2B19S3,path1750,2,B19S3,V,B19S1-6 V,Energy,Green,Energy Multi Pack,V Sugar Free Energy Drink 4pk 275ml
56,,0,1115,0.14,18339,733.56,15815,4177,0,11,WW2019 Aisle 4 Base Image V7,Recording011_Participant011_00.00.00-00.56.14.mp4,P11.csv,SD2B19S5,path1026,2,B19S5,V,B19S1-6 V,Energy,Green,Energy Multi Pack,V Energy Drink 4x275ml
51,,0,1110,0.16,18297,731.88,15391,3416,0,11,WW2019 Aisle 4 Base Image V7,Recording011_Participant011_00.00.00-00.56.14.mp4,P11.csv,SD2B19S2,path1768,2,B18S2,Red Bull,B17-19S2-5 Red Bull,Energy,Blue,Energy Single Serve,Red Bull Energy Drink 250ml
54,,0,1113,0.22,18325,733,15090,4001,0,11,WW2019 Aisle 4 Base Image V7,Recording011_Participant011_00.00.00-00.56.14.mp4,P11.csv,SD2B19S4,path1780,2,B19S4,V,B19S1-6 V,Energy,Blue,Energy Multi Pack,V Energy Drink Blue 4x275ml
21,,0,990,0.12,14979,599.16,14758,4199,0,20,WW2019 Aisle 4 Base Image V7,Recording020_Participant020_00.00.00-00.32.37.mp4,P20.csv,SD2B18S5,path1642,2,B17S5,Red Bull,B17-19S2-5 Red Bull,Energy,Blue,Energy Multi Pack,Red Bull Energy Drink 6x250ml
15,,0,977,0.72,14807,592.28,15840,4212,0,20,WW2019 Aisle 4 Base Image V7,Recording020_Participant020_00.00.00-00.32.37.mp4,P20.csv,SD2B19S5,path1026,2,B19S5,V,B19S1-6 V,Energy,Green,Energy Multi Pack,V Energy Drink 4x275ml
23,,0,684,0.14,9670,386.8,15257,4208,0,24,WW2019 Aisle 4 Base Image V7,Recording024_Participant024_00.00.00-00.18.13.mp4,P24.csv,SD2B19S5,path1026,2,B19S5,V,B19S1-6 V,Energy,Green,Energy Multi Pack,V Energy Drink 4x275ml
22,,0,683,0.24,9661,386.44,15371,4058,0,24,WW2019 Aisle 4 Base Image V7,Recording024_Participant024_00.00.00-00.18.13.mp4,P24.csv,SD2B19S4,path1782,2,B19S4,V,B19S1-6 V,Energy,Yellow,Energy Multi Pack,V Forbidden Fruits Energy Drink 250ml x4 pack
56,,0,738,0.1,11315,452.6,14495,3674,0,29,WW2019 Aisle 4 Base Image V7,Recording029_Participant029_00.00.00-01.17.06.mp4,P29.csv,SD2B18S3,path1738,2,B18S3,Red Bull,B17-19S2-5 Red Bull,Energy,Blue,Energy Single Serve,Red Bull Energy Drink 355ml
57,,0,739,0.34,11330,453.2,15253,3347,0,29,WW2019 Aisle 4 Base Image V7,Recording029_Participant029_00.00.00-01.17.06.mp4,P29.csv,SD2B19S1,path1728,2,B19S1,V,B19S1-6 V,Energy,Green,Energy Single Serve,V Energy Drink 500ml
21,,0,2145,0.1,39498,1579.92,15796,4118,0,31,WW2019 Aisle 4 Base Image V7,Recording031_Participant031_00.00.00-00.56.35.mp4,P31.csv,SD2B19S4,path1024,2,B19S4,V,B19S1-6 V,Energy,Grey,Energy Multi Pack,V Pure Energy Drink 250ml x4 pack
22,,0,2146,0.14,39503,1580.12,15625,3632,0,31,WW2019 Aisle 4 Base Image V7,Recording031_Participant031_00.00.00-00.56.35.mp4,P31.csv,SD2B19S2,path1012,2,B19S2,V,B19S1-6 V,Energy,Green,Energy Single Serve,V Energy Drink 250ml
43,,0,1119,0.24,13698,547.92,15446,4709,0,32,WW2019 Aisle 4 Base Image V7,Recording032_Participant032_00.00.00-00.38.41.mp4,P32.csv,SD2B19S6,path1807,2,B19S6,Red Bull,B19S6 Redbull,Energy,Blue,Energy Multi Pack,Red Bull Energy Drink 473ml x4 pack
66,,0,1568,0.14,18184,727.36,15509,3938,0,33,WW2019 Aisle 4 Base Image V7,Recording033_Participant033_00.00.00-00.54.37.mp4,P33.csv,SD2B19S4,path1784,2,B19S4,V,B19S1-6 V,Energy,Purple,Energy Multi Pack,V Energy Drink Sugar Free Tropical 4x275ml
65,,0,1567,0.18,18179,727.16,15577,4215,0,33,WW2019 Aisle 4 Base Image V7,Recording033_Participant033_00.00.00-00.54.37.mp4,P33.csv,SD2B19S5,path1026,2,B19S5,V,B19S1-6 V,Energy,Green,Energy Multi Pack,V Energy Drink 4x275ml
67,,0,1569,0.2,18189,727.56,15184,3789,0,33,WW2019 Aisle 4 Base Image V7,Recording033_Participant033_00.00.00-00.54.37.mp4,P33.csv,SD2B19S3,path1748,2,B19S3,V,B19S1-6 V,Energy,Green,Energy Single Serve,V Energy Drink Sugar Free With Guarana 250ml
39,,0,881,0.14,12438,497.52,15327,4378,0,34,WW2019 Aisle 4 Base Image V7,Recording034_Participant034_00.00.00-00.26.55.mp4,P34.csv,SD2B19S5,path1026,2,B19S5,V,B19S1-6 V,Energy,Green,Energy Multi Pack,V Energy Drink 4x275ml
16,,0,1059,0.1,21766,870.64,14526,3963,0,44,WW2019 Aisle 4 Base Image V7,Recording044_Participant044_00.00.00-00.58.59.mp4,P44.csv,SD2B18S4,path1640,2,B17S4,Red Bull,B17-19S2-5 Red Bull,Energy,Blue,Energy Multi Pack,Red Bull Energy Drink 4x250ml
14,,0,1055,0.14,21668,866.72,15756,4617,0,44,WW2019 Aisle 4 Base Image V7,Recording044_Participant044_00.00.00-00.58.59.mp4,P44.csv,SD2B19S6,path1036-0,2,B19S6,V,B19S1-6 V,Energy,Green,Energy Multi Pack,V Energy Drink With Guarana 4x500ml
19,,0,1062,0.24,21843,873.72,14776,3840,0,44,WW2019 Aisle 4 Base Image V7,Recording044_Participant044_00.00.00-00.58.59.mp4,P44.csv,SD2B18S3,path1742,2,B18S3,Red Bull,B17-19S2-5 Red Bull,Energy,Blue,Energy Single Serve,Red Bull Energy Drink Sugar Free 250ml
42,,0,961,0.12,11336,453.44,15368,3533,0,47,WW2019 Aisle 4 Base Image V7,Recording047_Participant047_00.00.00-00.18.52.mp4,P47.csv,SD2B19S2,path1768,2,B18S2,Red Bull,B17-19S2-5 Red Bull,Energy,Blue,Energy Single Serve,Red Bull Energy Drink 250ml
41,,0,960,0.14,11329,453.16,14599,3770,0,47,WW2019 Aisle 4 Base Image V7,Recording047_Participant047_00.00.00-00.18.52.mp4,P47.csv,SD2B18S3,path1740,2,B18S3,Red Bull,B17-19S2-5 Red Bull,Energy,Black,Energy Single Serve,Red Bull Energy Drink Zero 250ml
20,,0,2629,0.18,32924,1316.96,15223,3523,0,63,WW2019 Aisle 4 Base Image V7,Recording063_Participant063_00.00.00-00.51.35.mp4,P63.csv,SD2B19S2,path1768,2,B18S2,Red Bull,B17-19S2-5 Red Bull,Energy,Blue,Energy Single Serve,Red Bull Energy Drink 250ml
21,,0,2631,0.22,32939,1317.56,15327,4209,0,63,WW2019 Aisle 4 Base Image V7,Recording063_Participant063_00.00.00-00.51.35.mp4,P63.csv,SD2B19S5,path1026,2,B19S5,V,B19S1-6 V,Energy,Green,Energy Multi Pack,V Energy Drink 4x275ml
44,,0,2401,0.12,27898,1115.92,14830,4292,0,64,WW2019 Aisle 4 Base Image V7,Recording065_Participant064_00.00.00-01.04.43.mp4,P64-2.csv,SD2B18S5,path1698,2,B18S5,Red Bull,B17-19S2-5 Red Bull,Energy,Blue,Energy Multi Pack,Red Bull Energy Drink Sugar Free 6x250ml
41,,0,2398,0.14,27879,1115.16,15205,3877,0,64,WW2019 Aisle 4 Base Image V7,Recording065_Participant064_00.00.00-01.04.43.mp4,P64-2.csv,SD2B19S3,path1746,2,B19S3,V,B19S1-6 V,Energy,Blue,Energy Single Serve,V Energy Drink Blue 250ml
42,,0,2399,0.18,27883,1115.32,15374,3860,0,64,WW2019 Aisle 4 Base Image V7,Recording065_Participant064_00.00.00-01.04.43.mp4,P64-2.csv,SD2B19S3,path1748,2,B19S3,V,B19S1-6 V,Energy,Green,Energy Single Serve,V Energy Drink Sugar Free With Guarana 250ml
43,,0,2400,0.3,27889,1115.56,15532,3801,0,64,WW2019 Aisle 4 Base Image V7,Recording065_Participant064_00.00.00-01.04.43.mp4,P64-2.csv,SD2B19S3,path1750,2,B19S3,V,B19S1-6 V,Energy,Green,Energy Multi Pack,V Sugar Free Energy Drink 4pk 275ml
15,,0,934,0.1,20426,817.04,14925,4263,0,65,WW2019 Aisle 4 Base Image V7,Recording066_Participant065_00.00.00-01.03.04.mp4,P65.csv,SD2B18S5,path1698,2,B18S5,Red Bull,B17-19S2-5 Red Bull,Energy,Blue,Energy Multi Pack,Red Bull Energy Drink Sugar Free 6x250ml
42,,0,1015,0.1,15759,630.36,15563,3869,0,68,WW2019 Aisle 4 Base Image V7,Recording069_Participant068_00.00.00-00.46.28.mp4,P68.csv,SD2B19S3,path1750,2,B19S3,V,B19S1-6 V,Energy,Green,Energy Multi Pack,V Sugar Free Energy Drink 4pk 275ml
44,,0,1018,0.1,15808,632.32,15612,3719,0,68,WW2019 Aisle 4 Base Image V7,Recording069_Participant068_00.00.00-00.46.28.mp4,P68.csv,SD2B19S3,path1750,2,B19S3,V,B19S1-6 V,Energy,Green,Energy Multi Pack,V Sugar Free Energy Drink 4pk 275ml
33,,0,1006,0.12,15700,628,15354,3885,0,68,WW2019 Aisle 4 Base Image V7,Recording069_Participant068_00.00.00-00.46.28.mp4,P68.csv,SD2B19S3,path1748,2,B19S3,V,B19S1-6 V,Energy,Green,Energy Single Serve,V Energy Drink Sugar Free With Guarana 250ml
34,,0,1007,0.12,15704,628.16,15575,3885,0,68,WW2019 Aisle 4 Base Image V7,Recording069_Participant068_00.00.00-00.46.28.mp4,P68.csv,SD2B19S3,path1750,2,B19S3,V,B19S1-6 V,Energy,Green,Energy Multi Pack,V Sugar Free Energy Drink 4pk 275ml
41,,0,1014,0.12,15755,630.2,15653,3764,0,68,WW2019 Aisle 4 Base Image V7,Recording069_Participant068_00.00.00-00.46.28.mp4,P68.csv,SD2B19S3,path1750,2,B19S3,V,B19S1-6 V,Energy,Green,Energy Multi Pack,V Sugar Free Energy Drink 4pk 275ml
47,,0,1023,0.12,15900,636,15171,4361,0,68,WW2019 Aisle 4 Base Image V7,Recording069_Participant068_00.00.00-00.46.28.mp4,P68.csv,SD2B19S5,path1026,2,B19S5,V,B19S1-6 V,Energy,Green,Energy Multi Pack,V Energy Drink 4x275ml
46,,0,1022,0.14,15893,635.72,15181,4310,0,68,WW2019 Aisle 4 Base Image V7,Recording069_Participant068_00.00.00-00.46.28.mp4,P68.csv,SD2B19S5,path1026,2,B19S5,V,B19S1-6 V,Energy,Green,Energy Multi Pack,V Energy Drink 4x275ml
38,,0,1011,0.32,15733,629.32,15534,3764,0,68,WW2019 Aisle 4 Base Image V7,Recording069_Participant068_00.00.00-00.46.28.mp4,P68.csv,SD2B19S3,path1750,2,B19S3,V,B19S1-6 V,Energy,Green,Energy Multi Pack,V Sugar Free Energy Drink 4pk 275ml
35,,0,1008,0.16,15708,628.32,15571,3881,0,68,WW2019 Aisle 4 Base Image V7,Recording069_Participant068_00.00.00-00.46.28.mp4,P68.csv,SD2B19S3,path1750,2,B19S3,V,B19S1-6 V,Energy,Green,Energy Multi Pack,V Sugar Free Energy Drink 4pk 275ml
39,,0,1012,0.16,15742,629.68,15516,3740,0,68,WW2019 Aisle 4 Base Image V7,Recording069_Participant068_00.00.00-00.46.28.mp4,P68.csv,SD2B19S3,path1750,2,B19S3,V,B19S1-6 V,Energy,Green,Energy Multi Pack,V Sugar Free Energy Drink 4pk 275ml
40,,0,1013,0.2,15748,629.92,15518,3746,0,68,WW2019 Aisle 4 Base Image V7,Recording069_Participant068_00.00.00-00.46.28.mp4,P68.csv,SD2B19S3,path1750,2,B19S3,V,B19S1-6 V,Energy,Green,Energy Multi Pack,V Sugar Free Energy Drink 4pk 275ml
43,,0,1016,0.2,15763,630.52,15575,3740,0,68,WW2019 Aisle 4 Base Image V7,Recording069_Participant068_00.00.00-00.46.28.mp4,P68.csv,SD2B19S3,path1750,2,B19S3,V,B19S1-6 V,Energy,Green,Energy Multi Pack,V Sugar Free Energy Drink 4pk 275ml
32,,0,1005,0.26,15692,627.68,14675,4218,0,68,WW2019 Aisle 4 Base Image V7,Recording069_Participant068_00.00.00-00.46.28.mp4,P68.csv,SD2B18S5,path1642,2,B17S5,Red Bull,B17-19S2-5 Red Bull,Energy,Blue,Energy Multi Pack,Red Bull Energy Drink 6x250ml
36,,0,1009,0.3,15713,628.52,15569,3916,0,68,WW2019 Aisle 4 Base Image V7,Recording069_Participant068_00.00.00-00.46.28.mp4,P68.csv,SD2B19S3,path1750,2,B19S3,V,B19S1-6 V,Energy,Green,Energy Multi Pack,V Sugar Free Energy Drink 4pk 275ml
37,,0,1010,0.3,15721,628.84,15639,3805,0,68,WW2019 Aisle 4 Base Image V7,Recording069_Participant068_00.00.00-00.46.28.mp4,P68.csv,SD2B19S3,path1750,2,B19S3,V,B19S1-6 V,Energy,Green,Energy Multi Pack,V Sugar Free Energy Drink 4pk 275ml
45,,0,1019,0.22,15811,632.44,15658,3711,0,68,WW2019 Aisle 4 Base Image V7,Recording069_Participant068_00.00.00-00.46.28.mp4,P68.csv,SD2B19S3,path1750,2,B19S3,V,B19S1-6 V,Energy,Green,Energy Multi Pack,V Sugar Free Energy Drink 4pk 275ml
44,,0,1689,0.1,20206,808.24,15609,4188,0,70,WW2019 Aisle 4 Base Image V7,Recording071_Participant070_00.00.00-00.36.25.mp4,P70.csv,SD2B19S5,path1026,2,B19S5,V,B19S1-6 V,Energy,Green,Energy Multi Pack,V Energy Drink 4x275ml
45,,0,1690,0.44,20210,808.4,15584,4165,0,70,WW2019 Aisle 4 Base Image V7,Recording071_Participant070_00.00.00-00.36.25.mp4,P70.csv,SD2B19S4,path1784,2,B19S4,V,B19S1-6 V,Energy,Purple,Energy Multi Pack,V Energy Drink Sugar Free Tropical 4x275ml
46,,0,1691,0.2,20223,808.92,15060,4248,0,70,WW2019 Aisle 4 Base Image V7,Recording071_Participant070_00.00.00-00.36.25.mp4,P70.csv,SD2B18S5,path1698,2,B18S5,Red Bull,B17-19S2-5 Red Bull,Energy,Blue,Energy Multi Pack,Red Bull Energy Drink Sugar Free 6x250ml
100,,0,1478,0.1,20713,828.52,14126,4337,0,71,WW2019 Aisle 4 Base Image V7,Recording072_Participant071_00.00.00-00.52.37.mp4,P71.csv,SD2B17S5,path1642,2,B17S5,Red Bull,B17-19S2-5 Red Bull,Energy,Blue,Energy Multi Pack,Red Bull Energy Drink 6x250ml
11,,0,909,0.1,13485,539.4,13786,3967,0,74,WW2019 Aisle 4 Base Image V7,Recording075_Participant074_00.00.00-00.15.40.mp4,P74.csv,SD2B17S4,path1640,2,B17S4,Red Bull,B17-19S2-5 Red Bull,Energy,Blue,Energy Multi Pack,Red Bull Energy Drink 4x250ml
28,,0,928,0.1,13678,547.12,13895,4016,0,74,WW2019 Aisle 4 Base Image V7,Recording075_Participant074_00.00.00-00.15.40.mp4,P74.csv,SD2B17S4,path1640,2,B17S4,Red Bull,B17-19S2-5 Red Bull,Energy,Blue,Energy Multi Pack,Red Bull Energy Drink 4x250ml
26,,0,926,0.12,13652,546.08,14961,3661,0,74,WW2019 Aisle 4 Base Image V7,Recording075_Participant074_00.00.00-00.15.40.mp4,P74.csv,SD2B18S3,path1744,2,B18S3,Red Bull,B17-19S2-5 Red Bull,Energy,Orange,Energy Single Serve,Red Bull Orange Energy Drink 250ml
27,,0,927,0.12,13656,546.24,15128,3572,0,74,WW2019 Aisle 4 Base Image V7,Recording075_Participant074_00.00.00-00.15.40.mp4,P74.csv,SD2B19S2,path1768,2,B18S2,Red Bull,B17-19S2-5 Red Bull,Energy,Blue,Energy Single Serve,Red Bull Energy Drink 250ml
8,,0,906,0.12,13465,538.6,15740,4095,0,74,WW2019 Aisle 4 Base Image V7,Recording075_Participant074_00.00.00-00.15.40.mp4,P74.csv,SD2B19S4,path1024,2,B19S4,V,B19S1-6 V,Energy,Grey,Energy Multi Pack,V Pure Energy Drink 250ml x4 pack
23,,0,923,0.16,13605,544.2,15118,4016,0,74,WW2019 Aisle 4 Base Image V7,Recording075_Participant074_00.00.00-00.15.40.mp4,P74.csv,SD2B19S4,path1780,2,B19S4,V,B19S1-6 V,Energy,Blue,Energy Multi Pack,V Energy Drink Blue 4x275ml
32,,0,932,0.18,13764,550.56,15543,3345,0,74,WW2019 Aisle 4 Base Image V7,Recording075_Participant074_00.00.00-00.15.40.mp4,P74.csv,SD2B19S1,path1730,2,B19S1,V,B19S1-6 V,Energy,Blue,Energy Single Serve,V Energy Drink Blue 500ml
69,,0,1328,0.1,19185,767.4,14787,3817,0,89,WW2019 Aisle 4 Base Image V7,Recording090_Participant089_00.00.00-00.36.01.mp4,P89.csv,SD2B18S3,path1742,2,B18S3,Red Bull,B17-19S2-5 Red Bull,Energy,Blue,Energy Single Serve,Red Bull Energy Drink Sugar Free 250ml
66,,0,1325,0.12,19120,764.8,15556,4098,0,89,WW2019 Aisle 4 Base Image V7,Recording090_Participant089_00.00.00-00.36.01.mp4,P89.csv,SD2B19S4,path1784,2,B19S4,V,B19S1-6 V,Energy,Purple,Energy Multi Pack,V Energy Drink Sugar Free Tropical 4x275ml
73,,0,749,0.1,9896,395.84,15406,3570,0,91,WW2019 Aisle 4 Base Image V7,Recording092_Participant091_00.00.00-00.28.49.mp4,P91.csv,SD2B19S2,path1768,2,B18S2,Red Bull,B17-19S2-5 Red Bull,Energy,Blue,Energy Single Serve,Red Bull Energy Drink 250ml
72,,0,748,0.14,9888,395.52,15665,3654,0,91,WW2019 Aisle 4 Base Image V7,Recording092_Participant091_00.00.00-00.28.49.mp4,P91.csv,SD2B19S3,path1750,2,B19S3,V,B19S1-6 V,Energy,Green,Energy Multi Pack,V Sugar Free Energy Drink 4pk 275ml
69,,0,745,0.24,9854,394.16,15316,4088,0,91,WW2019 Aisle 4 Base Image V7,Recording092_Participant091_00.00.00-00.28.49.mp4,P91.csv,SD2B19S4,path1782,2,B19S4,V,B19S1-6 V,Energy,Yellow,Energy Multi Pack,V Forbidden Fruits Energy Drink 250ml x4 pack
29,,0,684,0.34,9579,383.16,15249,3947,0,94,WW2019 Aisle 4 Base Image V7,Recording095_Participant094_00.00.00-00.43.22.mp4,P94.csv,SD2B19S4,path1780,2,B19S4,V,B19S1-6 V,Energy,Blue,Energy Multi Pack,V Energy Drink Blue 4x275ml
13,,0,2161,0.1,31578,1263.12,15422,3518,0,101,WW2019 Aisle 4 Base Image V7,Recording102_Participant101_00.00.00-00.42.38.mp4,P101.csv,SD2B19S2,path1768,2,B18S2,Red Bull,B17-19S2-5 Red Bull,Energy,Blue,Energy Single Serve,Red Bull Energy Drink 250ml
122,,0,918,0.12,11623,464.92,15093,3857,0,109,WW2019 Aisle 4 Base Image V7,Recording111_Participant109_00.00.00-00.46.10.mp4,P109.csv,SD2B18S3,path1744,2,B18S3,Red Bull,B17-19S2-5 Red Bull,Energy,Orange,Energy Single Serve,Red Bull Orange Energy Drink 250ml
130,,0,926,0.8,11706,468.24,15234,3705,0,109,WW2019 Aisle 4 Base Image V7,Recording111_Participant109_00.00.00-00.46.10.mp4,P109.csv,SD2B19S3,path1748,2,B19S3,V,B19S1-6 V,Energy,Green,Energy Single Serve,V Energy Drink Sugar Free With Guarana 250ml
14,,0,1735,0.1,26388,1055.52,15095,3895,0,110,WW2019 Aisle 4 Base Image V7,Recording112_Participant110_00.00.00-00.54.57.mp4,P110.csv,SD2B19S4,path1780,2,B19S4,V,B19S1-6 V,Energy,Blue,Energy Multi Pack,V Energy Drink Blue 4x275ml
13,,0,1734,0.14,26381,1055.24,15400,3895,0,110,WW2019 Aisle 4 Base Image V7,Recording112_Participant110_00.00.00-00.54.57.mp4,P110.csv,SD2B19S4,path1782,2,B19S4,V,B19S1-6 V,Energy,Yellow,Energy Multi Pack,V Forbidden Fruits Energy Drink 250ml x4 pack
157,,0,1877,0.1,27789,1111.56,14887,3564,0,113,WW2019 Aisle 4 Base Image V7,Recording115_Participant113_00.00.00-01.19.49.mp4,P113.csv,SD2B18S2,path1756,2,B18S2,Red Bull,B17-19S2-5 Red Bull,Energy,Blue,Energy Single Serve,Red Bull Energy Drink 473ml
155,,0,1875,0.16,27740,1109.6,14910,3481,0,113,WW2019 Aisle 4 Base Image V7,Recording115_Participant113_00.00.00-01.19.49.mp4,P113.csv,SD2B18S2,path1756,2,B18S2,Red Bull,B17-19S2-5 Red Bull,Energy,Blue,Energy Single Serve,Red Bull Energy Drink 473ml
26,,0,1036,0.2,13380,535.2,14872,3836,0,124,WW2019 Aisle 4 Base Image V7,Recording126_Participant124_00.00.00-00.44.38.mp4,P124.csv,SD2B18S3,path1742,2,B18S3,Red Bull,B17-19S2-5 Red Bull,Energy,Blue,Energy Single Serve,Red Bull Energy Drink Sugar Free 250ml
43,,0,1054,0.48,13557,542.28,15747,3755,1,124,WW2019 Aisle 4 Base Image V7,Recording126_Participant124_00.00.00-00.44.38.mp4,P124.csv,SD2B19S3,path1750,2,B19S3,V,B19S1-6 V,Energy,Green,Energy Multi Pack,V Sugar Free Energy Drink 4pk 275ml
58,,0,258,0.22,3566,142.64,14647,4380,0,126,WW2019 Aisle 4 Base Image V7,Recording128_Participant126_00.00.00-00.14.36.mp4,P126.csv,SD2B18S5,path1642,2,B17S5,Red Bull,B17-19S2-5 Red Bull,Energy,Blue,Energy Multi Pack,Red Bull Energy Drink 6x250ml
59,,0,259,0.24,3572,142.88,14639,4184,0,126,WW2019 Aisle 4 Base Image V7,Recording128_Participant126_00.00.00-00.14.36.mp4,P126.csv,SD2B18S5,path1642,2,B17S5,Red Bull,B17-19S2-5 Red Bull,Energy,Blue,Energy Multi Pack,Red Bull Energy Drink 6x250ml
52,,0,1270,0.1,16871,674.84,15256,3970,0,127,WW2019 Aisle 4 Base Image V7,Recording129_Participant127_00.00.00-00.35.02.mp4,P127.csv,SD2B19S4,path1780,2,B19S4,V,B19S1-6 V,Energy,Blue,Energy Multi Pack,V Energy Drink Blue 4x275ml
79,,0,1302,0.1,17344,693.76,15308,4526,0,127,WW2019 Aisle 4 Base Image V7,Recording129_Participant127_00.00.00-00.35.02.mp4,P127.csv,SD2B19S6,path1807,2,B19S6,Red Bull,B19S6 Redbull,Energy,Blue,Energy Multi Pack,Red Bull Energy Drink 473ml x4 pack
80,,0,1303,0.1,17348,693.92,15308,4669,0,127,WW2019 Aisle 4 Base Image V7,Recording129_Participant127_00.00.00-00.35.02.mp4,P127.csv,SD2B19S6,path1807,2,B19S6,Red Bull,B19S6 Redbull,Energy,Blue,Energy Multi Pack,Red Bull Energy Drink 473ml x4 pack
81,,0,1305,0.64,17370,694.8,13673,4175,0,127,WW2019 Aisle 4 Base Image V7,Recording129_Participant127_00.00.00-00.35.02.mp4,P127.csv,SD2B17S5,path1642,2,B17S5,Red Bull,B17-19S2-5 Red Bull,Energy,Blue,Energy Multi Pack,Red Bull Energy Drink 6x250ml
51,,0,3233,0.1,47990,1919.6,14266,4282,0,129,WW2019 Aisle 4 Base Image V7,Recording131_Participant129_00.00.00-00.49.10.mp4,P129.csv,SD2B18S5,path1642,2,B17S5,Red Bull,B17-19S2-5 Red Bull,Energy,Blue,Energy Multi Pack,Red Bull Energy Drink 6x250ml
52,,0,3234,0.12,48006,1920.24,14768,4440,0,129,WW2019 Aisle 4 Base Image V7,Recording131_Participant129_00.00.00-00.49.10.mp4,P129.csv,SD2B18S5,path1642,2,B17S5,Red Bull,B17-19S2-5 Red Bull,Energy,Blue,Energy Multi Pack,Red Bull Energy Drink 6x250ml
49,,0,3230,0.32,47944,1917.76,14406,3892,0,129,WW2019 Aisle 4 Base Image V7,Recording131_Participant129_00.00.00-00.49.10.mp4,P129.csv,SD2B18S3,path1738,2,B18S3,Red Bull,B17-19S2-5 Red Bull,Energy,Blue,Energy Single Serve,Red Bull Energy Drink 355ml
46,,0,3225,0.16,47836,1913.44,15446,4031,0,129,WW2019 Aisle 4 Base Image V7,Recording131_Participant129_00.00.00-00.49.10.mp4,P129.csv,SD2B19S4,path1782,2,B19S4,V,B19S1-6 V,Energy,Yellow,Energy Multi Pack,V Forbidden Fruits Energy Drink 250ml x4 pack
107,,0,1269,0.1,14661,586.44,14864,3675,0,131,WW2019 Aisle 4 Base Image V7,Recording133_Participant131_00.00.00-00.41.37.mp4,P131.csv,SD2B18S3,path1742,2,B18S3,Red Bull,B17-19S2-5 Red Bull,Energy,Blue,Energy Single Serve,Red Bull Energy Drink Sugar Free 250ml
106,,0,1268,0.1,14657,586.28,14952,4031,0,131,WW2019 Aisle 4 Base Image V7,Recording133_Participant131_00.00.00-00.41.37.mp4,P131.csv,SD2B18S4,path1778,2,B18S4,Red Bull,B17-19S2-5 Red Bull,Energy,Black,Energy Multi Pack,Red Bull Energy Drink Zero 4x250ml
26,,0,1179,0.1,13730,549.2,15856,3813,0,131,WW2019 Aisle 4 Base Image V7,Recording133_Participant131_00.00.00-00.41.37.mp4,P131.csv,SD2B19S3,path1750,2,B19S3,V,B19S1-6 V,Energy,Green,Energy Multi Pack,V Sugar Free Energy Drink 4pk 275ml
27,,0,1180,0.1,13733,549.32,15847,3856,0,131,WW2019 Aisle 4 Base Image V7,Recording133_Participant131_00.00.00-00.41.37.mp4,P131.csv,SD2B19S3,path1750,2,B19S3,V,B19S1-6 V,Energy,Green,Energy Multi Pack,V Sugar Free Energy Drink 4pk 275ml
103,,0,1265,0.1,14636,585.44,15623,4136,0,131,WW2019 Aisle 4 Base Image V7,Recording133_Participant131_00.00.00-00.41.37.mp4,P131.csv,SD2B19S5,path1026,2,B19S5,V,B19S1-6 V,Energy,Green,Energy Multi Pack,V Energy Drink 4x275ml
25,,0,1178,0.14,13725,549,15847,3809,0,131,WW2019 Aisle 4 Base Image V7,Recording133_Participant131_00.00.00-00.41.37.mp4,P131.csv,SD2B19S3,path1750,2,B19S3,V,B19S1-6 V,Energy,Green,Energy Multi Pack,V Sugar Free Energy Drink 4pk 275ml
94,,0,1252,0.14,14508,580.32,15474,4435,0,131,WW2019 Aisle 4 Base Image V7,Recording133_Participant131_00.00.00-00.41.37.mp4,P131.csv,SD2B19S5,path1026,2,B19S5,V,B19S1-6 V,Energy,Green,Energy Multi Pack,V Energy Drink 4x275ml
23,,0,1176,0.34,13708,548.32,15815,4206,0,131,WW2019 Aisle 4 Base Image V7,Recording133_Participant131_00.00.00-00.41.37.mp4,P131.csv,SD2B19S5,path1026,2,B19S5,V,B19S1-6 V,Energy,Green,Energy Multi Pack,V Energy Drink 4x275ml
92,,0,1250,0.16,14498,579.92,15502,4565,0,131,WW2019 Aisle 4 Base Image V7,Recording133_Participant131_00.00.00-00.41.37.mp4,P131.csv,SD2B19S6,path1809,2,B19S6,V,B19S1-6 V,Energy,Green,Energy Multi Pack,V Energy Drink 6x275ml
104,,0,1266,0.18,14640,585.6,15158,4272,0,131,WW2019 Aisle 4 Base Image V7,Recording133_Participant131_00.00.00-00.41.37.mp4,P131.csv,SD2B19S5,path1026,2,B19S5,V,B19S1-6 V,Energy,Green,Energy Multi Pack,V Energy Drink 4x275ml
105,,0,1267,0.2,14646,585.84,15022,4246,0,131,WW2019 Aisle 4 Base Image V7,Recording133_Participant131_00.00.00-00.41.37.mp4,P131.csv,SD2B18S5,path1698,2,B18S5,Red Bull,B17-19S2-5 Red Bull,Energy,Blue,Energy Multi Pack,Red Bull Energy Drink Sugar Free 6x250ml
24,,0,1177,0.28,13717,548.68,15627,4335,0,131,WW2019 Aisle 4 Base Image V7,Recording133_Participant131_00.00.00-00.41.37.mp4,P131.csv,SD2B19S5,path1026,2,B19S5,V,B19S1-6 V,Energy,Green,Energy Multi Pack,V Energy Drink 4x275ml
16,,0,623,0.3,19161,766.44,15269,3865,0,132,WW2019 Aisle 4 Base Image V7,Recording134_Participant132_00.00.00-00.53.09.mp4,P132.csv,SD2B19S3,path1748,2,B19S3,V,B19S1-6 V,Energy,Green,Energy Single Serve,V Energy Drink Sugar Free With Guarana 250ml
17,,0,624,0.22,19170,766.8,15184,3987,0,132,WW2019 Aisle 4 Base Image V7,Recording134_Participant132_00.00.00-00.53.09.mp4,P132.csv,SD2B19S4,path1780,2,B19S4,V,B19S1-6 V,Energy,Blue,Energy Multi Pack,V Energy Drink Blue 4x275ml
47,,0,910,0.48,12897,515.88,15202,3428,0,144,WW2019 Aisle 4 Base Image V7,Recording146_Participant144_00.00.00-00.49.32.mp4,P144.csv,SD2B19S2,path1768,2,B18S2,Red Bull,B17-19S2-5 Red Bull,Energy,Blue,Energy Single Serve,Red Bull Energy Drink 250ml
39,,0,902,0.18,12768,510.72,14539,3769,0,144,WW2019 Aisle 4 Base Image V7,Recording146_Participant144_00.00.00-00.49.32.mp4,P144.csv,SD2B18S3,path1740,2,B18S3,Red Bull,B17-19S2-5 Red Bull,Energy,Black,Energy Single Serve,Red Bull Energy Drink Zero 250ml
38,,0,901,0.22,12762,510.48,14665,3788,0,144,WW2019 Aisle 4 Base Image V7,Recording146_Participant144_00.00.00-00.49.32.mp4,P144.csv,SD2B18S3,path1740,2,B18S3,Red Bull,B17-19S2-5 Red Bull,Energy,Black,Energy Single Serve,Red Bull Energy Drink Zero 250ml
55,,0,1928,0.1,28186,1127.44,15665,3303,0,156,WW2019 Aisle 4 Base Image V7,Recording158_Participant156_00.00.00-00.51.43.mp4,P156.csv,SD2B19S1,path875-9,2,B19S1,V,B19S1-6 V,Energy,Blue,Energy Single Serve,V Forbidden Fruits Energy Drink 500ml
51,,0,1924,0.14,28154,1126.16,15515,3621,0,156,WW2019 Aisle 4 Base Image V7,Recording158_Participant156_00.00.00-00.51.43.mp4,P156.csv,SD2B19S2,path1768,2,B18S2,Red Bull,B17-19S2-5 Red Bull,Energy,Blue,Energy Single Serve,Red Bull Energy Drink 250ml
54,,0,1927,0.32,28176,1127.04,15752,3303,0,156,WW2019 Aisle 4 Base Image V7,Recording158_Participant156_00.00.00-00.51.43.mp4,P156.csv,SD2B19S1,path875-9,2,B19S1,V,B19S1-6 V,Energy,Blue,Energy Single Serve,V Forbidden Fruits Energy Drink 500ml
21,,0,1841,0.22,24388,975.52,13727,4217,0,157,WW2019 Aisle 4 Base Image V7,Recording159_Participant157_00.00.00-00.45.35.mp4,P157.csv,SD2B17S5,path1642,2,B17S5,Red Bull,B17-19S2-5 Red Bull,Energy,Blue,Energy Multi Pack,Red Bull Energy Drink 6x250ml
27,,0,820,0.2,11086,443.44,14075,4071,0,161,WW2019 Aisle 4 Base Image V7,Recording163_Participant161_00.00.00-00.24.21.mp4,P161.csv,SD2B17S4,path1640,2,B17S4,Red Bull,B17-19S2-5 Red Bull,Energy,Blue,Energy Multi Pack,Red Bull Energy Drink 4x250ml
76,,0,1456,0.24,22637,905.48,13966,4136,0,171,WW2019 Aisle 4 Base Image V7,Recording173_Participant171_00.00.00-00.31.18.mp4,p171.csv,SD2B17S5,path1642,2,B17S5,Red Bull,B17-19S2-5 Red Bull,Energy,Blue,Energy Multi Pack,Red Bull Energy Drink 6x250ml
215,,0,1081,0.16,13676,547.04,15727,3964,0,178,WW2019 Aisle 4 Base Image V7,Recording180_Participant178_00.00.00-00.38.52.mp4,P178.csv,SD2B19S4,path1024,2,B19S4,V,B19S1-6 V,Energy,Grey,Energy Multi Pack,V Pure Energy Drink 250ml x4 pack
220,,0,1086,0.18,13718,548.72,15588,3393,0,178,WW2019 Aisle 4 Base Image V7,Recording180_Participant178_00.00.00-00.38.52.mp4,P178.csv,SD2B19S1,path1730,2,B19S1,V,B19S1-6 V,Energy,Blue,Energy Single Serve,V Energy Drink Blue 500ml
16,,0,2416,0.24,30642,1225.68,15020,3820,0,180,WW2019 Aisle 4 Base Image V7,Recording182_Participant180_00.00.00-00.51.02.mp4,P180.csv,SD2B18S3,path1744,2,B18S3,Red Bull,B17-19S2-5 Red Bull,Energy,Orange,Energy Single Serve,Red Bull Orange Energy Drink 250ml
54,,0,1326,0.2,17136,685.44,15169,4149,0,183,WW2019 Aisle 4 Base Image V7,Recording185_Participant183_00.00.00-00.35.03.mp4,P183.csv,SD2B19S4,path1780,2,B19S4,V,B19S1-6 V,Energy,Blue,Energy Multi Pack,V Energy Drink Blue 4x275ml
51,,0,904,0.1,11701,468.04,15693,3974,0,185,WW2019 Aisle 4 Base Image V7,Recording187_Participant185_00.00.00-00.21.36.mp4,P185.csv,SD2B19S4,path1024,2,B19S4,V,B19S1-6 V,Energy,Grey,Energy Multi Pack,V Pure Energy Drink 250ml x4 pack
40,,0,905,0.14,11708,468.32,15654,4263,0,185,WW2019 Aisle 4 Base Image V7,Recording187_Participant185_00.00.00-00.21.36.mp4,P185.csv,SD2B19S5,path1026,2,B19S5,V,B19S1-6 V,Energy,Green,Energy Multi Pack,V Energy Drink 4x275ml
70,,0,280,0.1,4001,160.04,15802,3395,0,186,WW2019 Aisle 4 Base Image V7,Recording188_Participant186_00.00.00-00.29.22.mp4,P186.csv,SD2B19S1,path875-9,2,B19S1,V,B19S1-6 V,Energy,Blue,Energy Single Serve,V Forbidden Fruits Energy Drink 500ml
72,,0,282,0.14,4019,160.76,15686,3310,0,186,WW2019 Aisle 4 Base Image V7,Recording188_Participant186_00.00.00-00.29.22.mp4,P186.csv,SD2B19S1,path875-9,2,B19S1,V,B19S1-6 V,Energy,Blue,Energy Single Serve,V Forbidden Fruits Energy Drink 500ml
71,,0,281,0.18,4011,160.44,15838,3304,0,186,WW2019 Aisle 4 Base Image V7,Recording188_Participant186_00.00.00-00.29.22.mp4,P186.csv,SD2B19S1,path875-9,2,B19S1,V,B19S1-6 V,Energy,Blue,Energy Single Serve,V Forbidden Fruits Energy Drink 500ml
69,,0,279,0.28,3989,159.56,15504,3626,0,186,WW2019 Aisle 4 Base Image V7,Recording188_Participant186_00.00.00-00.29.22.mp4,P186.csv,SD2B19S2,path1768,2,B18S2,Red Bull,B17-19S2-5 Red Bull,Energy,Blue,Energy Single Serve,Red Bull Energy Drink 250ml
73,,0,283,0.3,4024,160.96,15595,3316,0,186,WW2019 Aisle 4 Base Image V7,Recording188_Participant186_00.00.00-00.29.22.mp4,P186.csv,SD2B19S1,path1730,2,B19S1,V,B19S1-6 V,Energy,Blue,Energy Single Serve,V Energy Drink Blue 500ml
39,,0,512,0.26,6616,264.64,13922,3997,0,190,WW2019 Aisle 4 Base Image V7,Recording192_Participant190_00.00.00-00.21.17.mp4,P190.csv,SD2B17S4,path1640,2,B17S4,Red Bull,B17-19S2-5 Red Bull,Energy,Blue,Energy Multi Pack,Red Bull Energy Drink 4x250ml
32,,0,505,0.26,6545,261.8,15007,3769,0,190,WW2019 Aisle 4 Base Image V7,Recording192_Participant190_00.00.00-00.21.17.mp4,P190.csv,SD2B18S3,path1744,2,B18S3,Red Bull,B17-19S2-5 Red Bull,Energy,Orange,Energy Single Serve,Red Bull Orange Energy Drink 250ml
35,,0,508,0.3,6576,263.04,13900,3983,0,190,WW2019 Aisle 4 Base Image V7,Recording192_Participant190_00.00.00-00.21.17.mp4,P190.csv,SD2B17S4,path1640,2,B17S4,Red Bull,B17-19S2-5 Red Bull,Energy,Blue,Energy Multi Pack,Red Bull Energy Drink 4x250ml
37,,0,510,0.2,6592,263.68,15131,3575,0,190,WW2019 Aisle 4 Base Image V7,Recording192_Participant190_00.00.00-00.21.17.mp4,P190.csv,SD2B19S2,path1768,2,B18S2,Red Bull,B17-19S2-5 Red Bull,Energy,Blue,Energy Single Serve,Red Bull Energy Drink 250ml
36,,0,509,0.24,6585,263.4,14999,3779,0,190,WW2019 Aisle 4 Base Image V7,Recording192_Participant190_00.00.00-00.21.17.mp4,P190.csv,SD2B18S3,path1744,2,B18S3,Red Bull,B17-19S2-5 Red Bull,Energy,Orange,Energy Single Serve,Red Bull Orange Energy Drink 250ml
42,,0,4442,0.34,64825,2593,15134,3507,0,196,WW2019 Aisle 4 Base Image V7,Recording198_Participant196_00.00.00-01.22.26.mp4,P196.csv,SD2B19S2,path1768,2,B18S2,Red Bull,B17-19S2-5 Red Bull,Energy,Blue,Energy Single Serve,Red Bull Energy Drink 250ml
43,,0,608,0.12,8231,329.24,15619,4043,0,197,WW2019 Aisle 4 Base Image V7,Recording199_Participant197_00.00.00-00.18.32.mp4,P197.csv,SD2B19S4,path1024,2,B19S4,V,B19S1-6 V,Energy,Grey,Energy Multi Pack,V Pure Energy Drink 250ml x4 pack
44,,0,609,0.16,8237,329.48,15607,3994,0,197,WW2019 Aisle 4 Base Image V7,Recording199_Participant197_00.00.00-00.18.32.mp4,P197.csv,SD2B19S4,path1024,2,B19S4,V,B19S1-6 V,Energy,Grey,Energy Multi Pack,V Pure Energy Drink 250ml x4 pack
32,,0,573,0.1,11763,470.52,15070,4369,0,200,WW2019 Aisle 4 Base Image V7,Recording202_Participant200_00.00.00-00.28.22.mp4,P200.csv,SD2B18S5,path1698,2,B18S5,Red Bull,B17-19S2-5 Red Bull,Energy,Blue,Energy Multi Pack,Red Bull Energy Drink Sugar Free 6x250ml
37,,0,579,0.14,11871,474.84,14577,3969,0,200,WW2019 Aisle 4 Base Image V7,Recording202_Participant200_00.00.00-00.28.22.mp4,P200.csv,SD2B18S4,path1640,2,B17S4,Red Bull,B17-19S2-5 Red Bull,Energy,Blue,Energy Multi Pack,Red Bull Energy Drink 4x250ml
38,,0,580,0.32,11882,475.28,14954,4049,0,200,WW2019 Aisle 4 Base Image V7,Recording202_Participant200_00.00.00-00.28.22.mp4,P200.csv,SD2B18S4,path1778,2,B18S4,Red Bull,B17-19S2-5 Red Bull,Energy,Black,Energy Multi Pack,Red Bull Energy Drink Zero 4x250ml
39,,0,581,0.16,11892,475.68,15367,4052,0,200,WW2019 Aisle 4 Base Image V7,Recording202_Participant200_00.00.00-00.28.22.mp4,P200.csv,SD2B19S4,path1782,2,B19S4,V,B19S1-6 V,Energy,Yellow,Energy Multi Pack,V Forbidden Fruits Energy Drink 250ml x4 pack
28,,0,567,0.16,11616,464.64,15711,4273,0,200,WW2019 Aisle 4 Base Image V7,Recording202_Participant200_00.00.00-00.28.22.mp4,P200.csv,SD2B19S5,path1026,2,B19S5,V,B19S1-6 V,Energy,Green,Energy Multi Pack,V Energy Drink 4x275ml
40,,0,582,0.26,11927,477.08,15124,4062,0,200,WW2019 Aisle 4 Base Image V7,Recording202_Participant200_00.00.00-00.28.22.mp4,P200.csv,SD2B19S4,path1780,2,B19S4,V,B19S1-6 V,Energy,Blue,Energy Multi Pack,V Energy Drink Blue 4x275ml
40,,0,815,0.12,10010,400.4,15178,4293,0,203,WW2019 Aisle 4 Base Image V7,Recording205_Participant203_00.00.00-00.22.40.mp4,P203.csv,SD2B19S5,path1026,2,B19S5,V,B19S1-6 V,Energy,Green,Energy Multi Pack,V Energy Drink 4x275ml
54,,0,840,0.14,10314,412.56,15187,3888,0,203,WW2019 Aisle 4 Base Image V7,Recording205_Participant203_00.00.00-00.22.40.mp4,P203.csv,SD2B19S3,path1746,2,B19S3,V,B19S1-6 V,Energy,Blue,Energy Single Serve,V Energy Drink Blue 250ml
41,,0,816,0.32,10014,400.56,15197,4313,0,203,WW2019 Aisle 4 Base Image V7,Recording205_Participant203_00.00.00-00.22.40.mp4,P203.csv,SD2B19S5,path1026,2,B19S5,V,B19S1-6 V,Energy,Green,Energy Multi Pack,V Energy Drink 4x275ml
42,,0,817,0.16,10023,400.92,14526,4016,0,203,WW2019 Aisle 4 Base Image V7,Recording205_Participant203_00.00.00-00.22.40.mp4,P203.csv,SD2B18S4,path1640,2,B17S4,Red Bull,B17-19S2-5 Red Bull,Energy,Blue,Energy Multi Pack,Red Bull Energy Drink 4x250ml
16,,0,1442,0.42,22056,882.24,14712,3824,0,205,WW2019 Aisle 4 Base Image V7,Recording207_Participant205_00.00.00-00.34.02.mp4,P205.csv,SD2B18S3,path1742,2,B18S3,Red Bull,B17-19S2-5 Red Bull,Energy,Blue,Energy Single Serve,Red Bull Energy Drink Sugar Free 250ml
15,,0,1441,0.18,22050,882,14721,3752,0,205,WW2019 Aisle 4 Base Image V7,Recording207_Participant205_00.00.00-00.34.02.mp4,P205.csv,SD2B18S3,path1742,2,B18S3,Red Bull,B17-19S2-5 Red Bull,Energy,Blue,Energy Single Serve,Red Bull Energy Drink Sugar Free 250ml
15,,0,485,0.12,10903,436.12,15809,3855,0,212,WW2019 Aisle 4 Base Image V7,Recording214_Participant212_00.00.00-00.29.53.mp4,P212.csv,SD2B19S3,path1750,2,B19S3,V,B19S1-6 V,Energy,Green,Energy Multi Pack,V Sugar Free Energy Drink 4pk 275ml
16,,0,1404,0.1,28629,1145.16,15428,4452,0,218,WW2019 Aisle 4 Base Image V7,Recording220_Participant218_00.00.00-00.49.18.mp4,P218.csv,SD2B19S5,path1026,2,B19S5,V,B19S1-6 V,Energy,Green,Energy Multi Pack,V Energy Drink 4x275ml
144,,0,2377,0.34,29677,1187.08,14635,4111,0,222,WW2019 Aisle 4 Base Image V7,Recording224_Participant222_00.00.00-00.41.24.mp4,P222.csv,SD2B18S4,path1776,2,B18S4,Red Bull,B17-19S2-5 Red Bull,Energy,Blue,Energy Multi Pack,Red Bull Energy Drink Sugar Free 4x250ml
112,,0,2378,0.42,29687,1187.48,14937,3803,0,222,WW2019 Aisle 4 Base Image V7,Recording224_Participant222_00.00.00-00.41.24.mp4,P222.csv,SD2B18S3,path1744,2,B18S3,Red Bull,B17-19S2-5 Red Bull,Energy,Orange,Energy Single Serve,Red Bull Orange Energy Drink 250ml
42,,0,2219,0.38,32688,1307.52,15592,3336,0,225,WW2019 Aisle 4 Base Image V7,Recording227_Participant225_00.00.00-00.55.17.mp4,P225.csv,SD2B19S1,path1730,2,B19S1,V,B19S1-6 V,Energy,Blue,Energy Single Serve,V Energy Drink Blue 500ml
40,,0,2217,0.54,32666,1306.64,14418,3908,0,225,WW2019 Aisle 4 Base Image V7,Recording227_Participant225_00.00.00-00.55.17.mp4,P225.csv,SD2B18S4,path1640,2,B17S4,Red Bull,B17-19S2-5 Red Bull,Energy,Blue,Energy Multi Pack,Red Bull Energy Drink 4x250ml
38,,0,2215,0.16,32655,1306.2,14655,3740,0,225,WW2019 Aisle 4 Base Image V7,Recording227_Participant225_00.00.00-00.55.17.mp4,P225.csv,SD2B18S3,path1740,2,B18S3,Red Bull,B17-19S2-5 Red Bull,Energy,Black,Energy Single Serve,Red Bull Energy Drink Zero 250ml
39,,0,2216,0.18,32660,1306.4,14773,3641,0,225,WW2019 Aisle 4 Base Image V7,Recording227_Participant225_00.00.00-00.55.17.mp4,P225.csv,SD2B18S2,path1756,2,B18S2,Red Bull,B17-19S2-5 Red Bull,Energy,Blue,Energy Single Serve,Red Bull Energy Drink 473ml
44,,0,2221,0.26,32711,1308.44,15000,3434,0,225,WW2019 Aisle 4 Base Image V7,Recording227_Participant225_00.00.00-00.55.17.mp4,P225.csv,SD2B18S2,path1768,2,B18S2,Red Bull,B17-19S2-5 Red Bull,Energy,Blue,Energy Single Serve,Red Bull Energy Drink 250ml
31,,0,2208,0.28,32583,1303.32,15187,4342,0,225,WW2019 Aisle 4 Base Image V7,Recording227_Participant225_00.00.00-00.55.17.mp4,P225.csv,SD2B19S5,path1026,2,B19S5,V,B19S1-6 V,Energy,Green,Energy Multi Pack,V Energy Drink 4x275ml
24,,0,1489,0.1,18036,721.44,15720,4249,0,229,WW2019 Aisle 4 Base Image V7,Recording231_Participant229_00.00.00-00.19.31.mp4,P229.csv,SD2B19S5,path1026,2,B19S5,V,B19S1-6 V,Energy,Green,Energy Multi Pack,V Energy Drink 4x275ml
28,,0,1522,0.22,20926,837.04,15231,4272,0,231,WW2019 Aisle 4 Base Image V7,Recording233_Participant231_00.00.00-00.40.00.mp4,P231.csv,SD2B19S5,path1026,2,B19S5,V,B19S1-6 V,Energy,Green,Energy Multi Pack,V Energy Drink 4x275ml
57,,0,1453,0.14,20920,836.8,15284,3985,0,232,WW2019 Aisle 4 Base Image V7,Recording234_Participant232_00.00.00-00.51.39.mp4,P232.csv,SD2B19S4,path1780,2,B19S4,V,B19S1-6 V,Energy,Blue,Energy Multi Pack,V Energy Drink Blue 4x275ml
251,,0,793,0.2,11061,442.44,14806,3976,0,242,WW2019 Aisle 4 Base Image V7,Recording245_Participant242_00.00.00-00.25.35.mp4,P242.csv,SD2B18S4,path1776,2,B18S4,Red Bull,B17-19S2-5 Red Bull,Energy,Blue,Energy Multi Pack,Red Bull Energy Drink Sugar Free 4x250ml
72,,0,1810,0.44,22346,893.84,14349,3863,0,253,WW2019 Aisle 4 Base Image V7,Recording256_Participant253_00.00.00-00.53.45.mp4,P253.csv,SD2B18S3,path1738,2,B18S3,Red Bull,B17-19S2-5 Red Bull,Energy,Blue,Energy Single Serve,Red Bull Energy Drink 355ml
37,,0,1808,0.18,22319,892.76,15569,3969,0,253,WW2019 Aisle 4 Base Image V7,Recording256_Participant253_00.00.00-00.53.45.mp4,P253.csv,SD2B19S4,path1024,2,B19S4,V,B19S1-6 V,Energy,Grey,Energy Multi Pack,V Pure Energy Drink 250ml x4 pack
81,,0,1120,0.12,12699,507.96,14045,4086,0,254,WW2019 Aisle 4 Base Image V7,Recording257_Participant254_00.00.00-00.40.17.mp4,P254.csv,SD2B17S4,path1640,2,B17S4,Red Bull,B17-19S2-5 Red Bull,Energy,Blue,Energy Multi Pack,Red Bull Energy Drink 4x250ml
64,,0,1103,0.12,12554,502.16,15778,4236,0,254,WW2019 Aisle 4 Base Image V7,Recording257_Participant254_00.00.00-00.40.17.mp4,P254.csv,SD2B19S5,path1026,2,B19S5,V,B19S1-6 V,Energy,Green,Energy Multi Pack,V Energy Drink 4x275ml
87,,0,1126,0.14,12770,510.8,14033,3987,0,254,WW2019 Aisle 4 Base Image V7,Recording257_Participant254_00.00.00-00.40.17.mp4,P254.csv,SD2B17S4,path1640,2,B17S4,Red Bull,B17-19S2-5 Red Bull,Energy,Blue,Energy Multi Pack,Red Bull Energy Drink 4x250ml
73,,0,1112,0.32,12635,505.4,14909,4105,0,254,WW2019 Aisle 4 Base Image V7,Recording257_Participant254_00.00.00-00.40.17.mp4,P254.csv,SD2B18S4,path1778,2,B18S4,Red Bull,B17-19S2-5 Red Bull,Energy,Black,Energy Multi Pack,Red Bull Energy Drink Zero 4x250ml
69,,0,1108,0.34,12591,503.64,15063,3726,0,254,WW2019 Aisle 4 Base Image V7,Recording257_Participant254_00.00.00-00.40.17.mp4,P254.csv,SD2B18S3,path1744,2,B18S3,Red Bull,B17-19S2-5 Red Bull,Energy,Orange,Energy Single Serve,Red Bull Orange Energy Drink 250ml
85,,0,1124,0.36,12751,510.04,13859,4113,0,254,WW2019 Aisle 4 Base Image V7,Recording257_Participant254_00.00.00-00.40.17.mp4,P254.csv,SD2B17S4,path1640,2,B17S4,Red Bull,B17-19S2-5 Red Bull,Energy,Blue,Energy Multi Pack,Red Bull Energy Drink 4x250ml
77,,0,1116,0.36,12666,506.64,13887,4236,0,254,WW2019 Aisle 4 Base Image V7,Recording257_Participant254_00.00.00-00.40.17.mp4,P254.csv,SD2B17S5,path1642,2,B17S5,Red Bull,B17-19S2-5 Red Bull,Energy,Blue,Energy Multi Pack,Red Bull Energy Drink 6x250ml
84,,0,1123,0.4,12733,509.32,14033,4011,0,254,WW2019 Aisle 4 Base Image V7,Recording257_Participant254_00.00.00-00.40.17.mp4,P254.csv,SD2B17S4,path1640,2,B17S4,Red Bull,B17-19S2-5 Red Bull,Energy,Blue,Energy Multi Pack,Red Bull Energy Drink 4x250ml
78,,0,1117,0.42,12677,507.08,14009,4089,0,254,WW2019 Aisle 4 Base Image V7,Recording257_Participant254_00.00.00-00.40.17.mp4,P254.csv,SD2B17S4,path1640,2,B17S4,Red Bull,B17-19S2-5 Red Bull,Energy,Blue,Energy Multi Pack,Red Bull Energy Drink 4x250ml
68,,0,1107,0.42,12579,503.16,15047,4224,0,254,WW2019 Aisle 4 Base Image V7,Recording257_Participant254_00.00.00-00.40.17.mp4,P254.csv,SD2B18S5,path1698,2,B18S5,Red Bull,B17-19S2-5 Red Bull,Energy,Blue,Energy Multi Pack,Red Bull Energy Drink Sugar Free 6x250ml
83,,0,1122,0.48,12720,508.8,13997,4062,0,254,WW2019 Aisle 4 Base Image V7,Recording257_Participant254_00.00.00-00.40.17.mp4,P254.csv,SD2B17S4,path1640,2,B17S4,Red Bull,B17-19S2-5 Red Bull,Energy,Blue,Energy Multi Pack,Red Bull Energy Drink 4x250ml
82,,0,1121,0.62,12703,508.12,13871,4208,0,254,WW2019 Aisle 4 Base Image V7,Recording257_Participant254_00.00.00-00.40.17.mp4,P254.csv,SD2B17S5,path1642,2,B17S5,Red Bull,B17-19S2-5 Red Bull,Energy,Blue,Energy Multi Pack,Red Bull Energy Drink 6x250ml
71,,0,1110,0.7,12608,504.32,14949,4129,0,254,WW2019 Aisle 4 Base Image V7,Recording257_Participant254_00.00.00-00.40.17.mp4,P254.csv,SD2B18S4,path1778,2,B18S4,Red Bull,B17-19S2-5 Red Bull,Energy,Black,Energy Multi Pack,Red Bull Energy Drink Zero 4x250ml
79,,0,1118,0.16,12689,507.56,14176,4110,0,254,WW2019 Aisle 4 Base Image V7,Recording257_Participant254_00.00.00-00.40.17.mp4,P254.csv,SD2B17S4,path1640,2,B17S4,Red Bull,B17-19S2-5 Red Bull,Energy,Blue,Energy Multi Pack,Red Bull Energy Drink 4x250ml
80,,0,1119,0.16,12693,507.72,14220,4105,0,254,WW2019 Aisle 4 Base Image V7,Recording257_Participant254_00.00.00-00.40.17.mp4,P254.csv,SD2B17S4,path1640,2,B17S4,Red Bull,B17-19S2-5 Red Bull,Energy,Blue,Energy Multi Pack,Red Bull Energy Drink 4x250ml
86,,0,1125,0.16,12766,510.64,14009,3999,0,254,WW2019 Aisle 4 Base Image V7,Recording257_Participant254_00.00.00-00.40.17.mp4,P254.csv,SD2B17S4,path1640,2,B17S4,Red Bull,B17-19S2-5 Red Bull,Energy,Blue,Energy Multi Pack,Red Bull Energy Drink 4x250ml
76,,0,1115,0.18,12657,506.28,14582,4101,0,254,WW2019 Aisle 4 Base Image V7,Recording257_Participant254_00.00.00-00.40.17.mp4,P254.csv,SD2B18S4,path1776,2,B18S4,Red Bull,B17-19S2-5 Red Bull,Energy,Blue,Energy Multi Pack,Red Bull Energy Drink Sugar Free 4x250ml
75,,0,1114,0.24,12650,506,14854,4034,0,254,WW2019 Aisle 4 Base Image V7,Recording257_Participant254_00.00.00-00.40.17.mp4,P254.csv,SD2B18S4,path1776,2,B18S4,Red Bull,B17-19S2-5 Red Bull,Energy,Blue,Energy Multi Pack,Red Bull Energy Drink Sugar Free 4x250ml
63,,0,1102,0.24,12546,501.84,15868,4105,0,254,WW2019 Aisle 4 Base Image V7,Recording257_Participant254_00.00.00-00.40.17.mp4,P254.csv,SD2B19S4,path1024,2,B19S4,V,B19S1-6 V,Energy,Grey,Energy Multi Pack,V Pure Energy Drink 250ml x4 pack
72,,0,1111,0.28,12627,505.08,14889,4058,0,254,WW2019 Aisle 4 Base Image V7,Recording257_Participant254_00.00.00-00.40.17.mp4,P254.csv,SD2B18S4,path1776,2,B18S4,Red Bull,B17-19S2-5 Red Bull,Energy,Blue,Energy Multi Pack,Red Bull Energy Drink Sugar Free 4x250ml
66,,0,1105,0.28,12564,502.56,15730,4030,0,254,WW2019 Aisle 4 Base Image V7,Recording257_Participant254_00.00.00-00.40.17.mp4,P254.csv,SD2B19S4,path1024,2,B19S4,V,B19S1-6 V,Energy,Grey,Energy Multi Pack,V Pure Energy Drink 250ml x4 pack
74,,0,1113,0.2,12644,505.76,14874,4101,0,254,WW2019 Aisle 4 Base Image V7,Recording257_Participant254_00.00.00-00.40.17.mp4,P254.csv,SD2B18S4,path1776,2,B18S4,Red Bull,B17-19S2-5 Red Bull,Energy,Blue,Energy Multi Pack,Red Bull Energy Drink Sugar Free 4x250ml
65,,0,1104,0.2,12558,502.32,15561,4251,0,254,WW2019 Aisle 4 Base Image V7,Recording257_Participant254_00.00.00-00.40.17.mp4,P254.csv,SD2B19S5,path1026,2,B19S5,V,B19S1-6 V,Energy,Green,Energy Multi Pack,V Energy Drink 4x275ml
70,,0,1109,0.22,12601,504.04,15205,3734,0,254,WW2019 Aisle 4 Base Image V7,Recording257_Participant254_00.00.00-00.40.17.mp4,P254.csv,SD2B19S3,path1748,2,B19S3,V,B19S1-6 V,Energy,Green,Energy Single Serve,V Energy Drink Sugar Free With Guarana 250ml
67,,0,1106,0.22,12573,502.92,15166,4129,0,254,WW2019 Aisle 4 Base Image V7,Recording257_Participant254_00.00.00-00.40.17.mp4,P254.csv,SD2B19S4,path1780,2,B19S4,V,B19S1-6 V,Energy,Blue,Energy Multi Pack,V Energy Drink Blue 4x275ml
86,,0,2413,0.34,31240,1249.6,14696,4410,0,256,WW2019 Aisle 4 Base Image V7,Recording259_Participant256_00.00.00-01.08.38.mp4,P256.csv,SD2B18S5,path1642,2,B17S5,Red Bull,B17-19S2-5 Red Bull,Energy,Blue,Energy Multi Pack,Red Bull Energy Drink 6x250ml
85,,0,2412,0.2,31231,1249.24,15630,4360,0,256,WW2019 Aisle 4 Base Image V7,Recording259_Participant256_00.00.00-01.08.38.mp4,P256.csv,SD2B19S5,path1026,2,B19S5,V,B19S1-6 V,Energy,Green,Energy Multi Pack,V Energy Drink 4x275ml
23,,0,1173,0.1,23150,926,15151,3807,0,257,WW2019 Aisle 4 Base Image V7,Recording260_Participant257_00.00.00-00.50.12.mp4,P257.csv,SD2B19S3,path1746,2,B19S3,V,B19S1-6 V,Energy,Blue,Energy Single Serve,V Energy Drink Blue 250ml
24,,0,1174,0.12,23157,926.28,14634,3803,0,257,WW2019 Aisle 4 Base Image V7,Recording260_Participant257_00.00.00-00.50.12.mp4,P257.csv,SD2B18S3,path1740,2,B18S3,Red Bull,B17-19S2-5 Red Bull,Energy,Black,Energy Single Serve,Red Bull Energy Drink Zero 250ml
26,,0,1176,0.14,23172,926.88,14715,4329,0,257,WW2019 Aisle 4 Base Image V7,Recording260_Participant257_00.00.00-00.50.12.mp4,P257.csv,SD2B18S5,path1642,2,B17S5,Red Bull,B17-19S2-5 Red Bull,Energy,Blue,Energy Multi Pack,Red Bull Energy Drink 6x250ml
25,,0,1175,0.16,23164,926.56,15146,3793,0,257,WW2019 Aisle 4 Base Image V7,Recording260_Participant257_00.00.00-00.50.12.mp4,P257.csv,SD2B19S3,path1746,2,B19S3,V,B19S1-6 V,Energy,Blue,Energy Single Serve,V Energy Drink Blue 250ml
16,,0,1165,0.16,23082,923.28,15844,4118,0,257,WW2019 Aisle 4 Base Image V7,Recording260_Participant257_00.00.00-00.50.12.mp4,P257.csv,SD2B19S4,path1024,2,B19S4,V,B19S1-6 V,Energy,Grey,Energy Multi Pack,V Pure Energy Drink 250ml x4 pack
27,,0,1177,0.2,23178,927.12,14624,3803,0,257,WW2019 Aisle 4 Base Image V7,Recording260_Participant257_00.00.00-00.50.12.mp4,P257.csv,SD2B18S3,path1740,2,B18S3,Red Bull,B17-19S2-5 Red Bull,Energy,Black,Energy Single Serve,Red Bull Energy Drink Zero 250ml
12,,0,956,0.1,12496,499.84,15174,4432,0,264,WW2019 Aisle 4 Base Image V7,Recording267_Participant264_00.00.00-00.33.29.mp4,P264.csv,SD2B19S5,path1026,2,B19S5,V,B19S1-6 V,Energy,Green,Energy Multi Pack,V Energy Drink 4x275ml
11,,0,955,0.12,12492,499.68,15242,4284,0,264,WW2019 Aisle 4 Base Image V7,Recording267_Participant264_00.00.00-00.33.29.mp4,P264.csv,SD2B19S5,path1026,2,B19S5,V,B19S1-6 V,Energy,Green,Energy Multi Pack,V Energy Drink 4x275ml
120,,0,1354,0.12,16792,671.68,15575,4003,0,265,WW2019 Aisle 4 Base Image V7,Recording268_Participant265_00.00.00-00.38.32.mp4,P265.csv,SD2B19S4,path1024,2,B19S4,V,B19S1-6 V,Energy,Grey,Energy Multi Pack,V Pure Energy Drink 250ml x4 pack
119,,0,1353,0.14,16787,671.48,15860,4101,0,265,WW2019 Aisle 4 Base Image V7,Recording268_Participant265_00.00.00-00.38.32.mp4,P265.csv,SD2B19S4,path1024,2,B19S4,V,B19S1-6 V,Energy,Grey,Energy Multi Pack,V Pure Energy Drink 250ml x4 pack
121,,0,1355,0.16,16800,672,15324,3843,0,265,WW2019 Aisle 4 Base Image V7,Recording268_Participant265_00.00.00-00.38.32.mp4,P265.csv,SD2B19S3,path1748,2,B19S3,V,B19S1-6 V,Energy,Green,Energy Single Serve,V Energy Drink Sugar Free With Guarana 250ml
39,,0,1500,0.1,22498,899.92,15269,3619,0,266,WW2019 Aisle 4 Base Image V7,Recording269_Participant266_00.00.00-00.32.30.mp4,P266.csv,SD2B19S2,path1768,2,B18S2,Red Bull,B17-19S2-5 Red Bull,Energy,Blue,Energy Single Serve,Red Bull Energy Drink 250ml
40,,0,1501,0.1,22503,900.12,15250,3560,0,266,WW2019 Aisle 4 Base Image V7,Recording269_Participant266_00.00.00-00.32.30.mp4,P266.csv,SD2B19S2,path1768,2,B18S2,Red Bull,B17-19S2-5 Red Bull,Energy,Blue,Energy Single Serve,Red Bull Energy Drink 250ml
31,,0,1491,0.6,22365,894.6,15110,4183,0,266,WW2019 Aisle 4 Base Image V7,Recording269_Participant266_00.00.00-00.32.30.mp4,P266.csv,SD2B19S5,path1026,2,B19S5,V,B19S1-6 V,Energy,Green,Energy Multi Pack,V Energy Drink 4x275ml
35,,0,1496,0.16,22414,896.56,14381,3877,0,266,WW2019 Aisle 4 Base Image V7,Recording269_Participant266_00.00.00-00.32.30.mp4,P266.csv,SD2B18S3,path1738,2,B18S3,Red Bull,B17-19S2-5 Red Bull,Energy,Blue,Energy Single Serve,Red Bull Energy Drink 355ml
33,,0,1494,0.18,22398,895.92,14182,4056,0,266,WW2019 Aisle 4 Base Image V7,Recording269_Participant266_00.00.00-00.32.30.mp4,P266.csv,SD2B17S4,path1640,2,B17S4,Red Bull,B17-19S2-5 Red Bull,Energy,Blue,Energy Multi Pack,Red Bull Energy Drink 4x250ml
34,,0,1495,0.28,22403,896.12,14092,3924,0,266,WW2019 Aisle 4 Base Image V7,Recording269_Participant266_00.00.00-00.32.30.mp4,P266.csv,SD2B17S4,path1640,2,B17S4,Red Bull,B17-19S2-5 Red Bull,Energy,Blue,Energy Multi Pack,Red Bull Energy Drink 4x250ml
32,,0,1493,0.2,22392,895.68,14475,4359,0,266,WW2019 Aisle 4 Base Image V7,Recording269_Participant266_00.00.00-00.32.30.mp4,P266.csv,SD2B18S5,path1642,2,B17S5,Red Bull,B17-19S2-5 Red Bull,Energy,Blue,Energy Multi Pack,Red Bull Energy Drink 6x250ml
25,,0,1476,0.16,18197,727.88,15398,3979,0,268,WW2019 Aisle 4 Base Image V7,Recording271_Participant268_00.00.00-00.54.19.mp4,P268.csv,SD2B19S4,path1782,2,B19S4,V,B19S1-6 V,Energy,Yellow,Energy Multi Pack,V Forbidden Fruits Energy Drink 250ml x4 pack
17,,0,1917,0.1,28329,1133.16,14845,3695,0,273,WW2019 Aisle 4 Base Image V7,Recording276_Participant273_00.00.00-00.58.50.mp4,P273.csv,SD2B18S3,path1742,2,B18S3,Red Bull,B17-19S2-5 Red Bull,Energy,Blue,Energy Single Serve,Red Bull Energy Drink Sugar Free 250ml
18,,0,1918,0.26,28333,1133.32,14470,3973,0,273,WW2019 Aisle 4 Base Image V7,Recording276_Participant273_00.00.00-00.58.50.mp4,P273.csv,SD2B18S4,path1640,2,B17S4,Red Bull,B17-19S2-5 Red Bull,Energy,Blue,Energy Multi Pack,Red Bull Energy Drink 4x250ml
49,,0,1855,0.1,25475,1019,15199,3873,0,280,WW2019 Aisle 4 Base Image V7,Recording283_Participant280_00.00.00-00.51.28.mp4,P280.csv,SD2B19S3,path1746,2,B19S3,V,B19S1-6 V,Energy,Blue,Energy Single Serve,V Energy Drink Blue 250ml
49,,0,905,0.16,13591,543.64,14752,3802,0,281,WW2019 Aisle 4 Base Image V7,Recording284_Participant281_00.00.00-00.28.02.mp4,P281.csv,SD2B18S3,path1742,2,B18S3,Red Bull,B17-19S2-5 Red Bull,Energy,Blue,Energy Single Serve,Red Bull Energy Drink Sugar Free 250ml
24,,0,1145,0.12,18653,746.12,15713,4290,0,284,WW2019 Aisle 4 Base Image V7,Recording287_Participant284_00.00.00-00.43.35.mp4,P284.csv,SD2B19S5,path1026,2,B19S5,V,B19S1-6 V,Energy,Green,Energy Multi Pack,V Energy Drink 4x275ml
26,,0,1147,0.14,18663,746.52,15621,4258,0,284,WW2019 Aisle 4 Base Image V7,Recording287_Participant284_00.00.00-00.43.35.mp4,P284.csv,SD2B19S5,path1026,2,B19S5,V,B19S1-6 V,Energy,Green,Energy Multi Pack,V Energy Drink 4x275ml
14,,0,956,0.24,12146,485.84,15397,4044,0,287,WW2019 Aisle 4 Base Image V7,Recording290_Participant287_00.00.00-00.35.03.mp4,P287.csv,SD2B19S4,path1782,2,B19S4,V,B19S1-6 V,Energy,Yellow,Energy Multi Pack,V Forbidden Fruits Energy Drink 250ml x4 pack
15,,0,959,0.3,12181,487.24,15749,3754,0,287,WW2019 Aisle 4 Base Image V7,Recording290_Participant287_00.00.00-00.35.03.mp4,P287.csv,SD2B19S3,path1750,2,B19S3,V,B19S1-6 V,Energy,Green,Energy Multi Pack,V Sugar Free Energy Drink 4pk 275ml
38,,0,1982,0.32,26003,1040.12,14599,3947,0,288,WW2019 Aisle 4 Base Image V7,Recording291_Participant288_00.00.00-00.34.44.mp4,P288.csv,SD2B18S4,path1640,2,B17S4,Red Bull,B17-19S2-5 Red Bull,Energy,Blue,Energy Multi Pack,Red Bull Energy Drink 4x250ml
37,,0,1981,0.16,25997,1039.88,14146,4186,0,288,WW2019 Aisle 4 Base Image V7,Recording291_Participant288_00.00.00-00.34.44.mp4,P288.csv,SD2B17S5,path1642,2,B17S5,Red Bull,B17-19S2-5 Red Bull,Energy,Blue,Energy Multi Pack,Red Bull Energy Drink 6x250ml
39,,0,1984,0.16,26021,1040.84,14640,3876,0,288,WW2019 Aisle 4 Base Image V7,Recording291_Participant288_00.00.00-00.34.44.mp4,P288.csv,SD2B18S3,path1740,2,B18S3,Red Bull,B17-19S2-5 Red Bull,Energy,Black,Energy Single Serve,Red Bull Energy Drink Zero 250ml
68,,0,727,0.14,8200,328,15756,3756,0,295,WW2019 Aisle 4 Base Image V7,Recording298_Participant295_00.00.00-00.23.38.mp4,P295.csv,SD2B19S3,path1750,2,B19S3,V,B19S1-6 V,Energy,Green,Energy Multi Pack,V Sugar Free Energy Drink 4pk 275ml
115,,0,1539,0.14,26107,1044.28,14905,4017,0,296,WW2019 Aisle 4 Base Image V7,Recording299_Participant296_00.00.00-00.46.18.mp4,P296.csv,SD2B18S4,path1778,2,B18S4,Red Bull,B17-19S2-5 Red Bull,Energy,Black,Energy Multi Pack,Red Bull Energy Drink Zero 4x250ml
24,,0,955,0.28,11906,476.24,15762,4639,0,298,WW2019 Aisle 4 Base Image V7,Recording301_Participant298_00.00.00-00.17.17.mp4,P298.csv,SD2B19S6,path1036-0,2,B19S6,V,B19S1-6 V,Energy,Green,Energy Multi Pack,V Energy Drink With Guarana 4x500ml
58,,0,411,0.1,7771,310.84,15823,3953,0,299,WW2019 Aisle 4 Base Image V7,Recording302_Participant299_00.00.00-00.19.38.mp4,P299.csv,SD2B19S4,path1024,2,B19S4,V,B19S1-6 V,Energy,Grey,Energy Multi Pack,V Pure Energy Drink 250ml x4 pack
12,,0,412,0.14,7774,310.96,15211,3763,0,299,WW2019 Aisle 4 Base Image V7,Recording302_Participant299_00.00.00-00.19.38.mp4,P299.csv,SD2B19S3,path1748,2,B19S3,V,B19S1-6 V,Energy,Green,Energy Single Serve,V Energy Drink Sugar Free With Guarana 250ml
10,,0,410,0.16,7758,310.32,15425,4206,0,299,WW2019 Aisle 4 Base Image V7,Recording302_Participant299_00.00.00-00.19.38.mp4,P299.csv,SD2B19S5,path1026,2,B19S5,V,B19S1-6 V,Energy,Green,Energy Multi Pack,V Energy Drink 4x275ml
33,,0,2167,0.12,27295,1091.8,14759,3714,0,302,WW2019 Aisle 4 Base Image V7,Recording305_Participant302_00.00.00-00.43.46.mp4,P302.csv,SD2B18S3,path1742,2,B18S3,Red Bull,B17-19S2-5 Red Bull,Energy,Blue,Energy Single Serve,Red Bull Energy Drink Sugar Free 250ml
21,,0,2143,0.12,27057,1082.28,15233,4529,0,302,WW2019 Aisle 4 Base Image V7,Recording305_Participant302_00.00.00-00.43.46.mp4,P302.csv,SD2B19S6,path1807,2,B19S6,Red Bull,B19S6 Redbull,Energy,Blue,Energy Multi Pack,Red Bull Energy Drink 473ml x4 pack
24,,0,2157,0.34,27195,1087.8,14523,4159,0,302,WW2019 Aisle 4 Base Image V7,Recording305_Participant302_00.00.00-00.43.46.mp4,P302.csv,SD2B18S5,path1642,2,B17S5,Red Bull,B17-19S2-5 Red Bull,Energy,Blue,Energy Multi Pack,Red Bull Energy Drink 6x250ml
28,,0,2161,0.56,27225,1089,14819,4177,0,302,WW2019 Aisle 4 Base Image V7,Recording305_Participant302_00.00.00-00.43.46.mp4,P302.csv,SD2B18S5,path1698,2,B18S5,Red Bull,B17-19S2-5 Red Bull,Energy,Blue,Energy Multi Pack,Red Bull Energy Drink Sugar Free 6x250ml
30,,0,2163,0.14,27247,1089.88,14913,4140,0,302,WW2019 Aisle 4 Base Image V7,Recording305_Participant302_00.00.00-00.43.46.mp4,P302.csv,SD2B18S4,path1778,2,B18S4,Red Bull,B17-19S2-5 Red Bull,Energy,Black,Energy Multi Pack,Red Bull Energy Drink Zero 4x250ml
27,,0,2160,0.16,27221,1088.84,14938,4286,0,302,WW2019 Aisle 4 Base Image V7,Recording305_Participant302_00.00.00-00.43.46.mp4,P302.csv,SD2B18S5,path1698,2,B18S5,Red Bull,B17-19S2-5 Red Bull,Energy,Blue,Energy Multi Pack,Red Bull Energy Drink Sugar Free 6x250ml
23,,0,2149,0.16,27126,1085.04,15770,4425,0,302,WW2019 Aisle 4 Base Image V7,Recording305_Participant302_00.00.00-00.43.46.mp4,P302.csv,SD2B19S5,path1026,2,B19S5,V,B19S1-6 V,Energy,Green,Energy Multi Pack,V Energy Drink 4x275ml
32,,0,2166,0.28,27283,1091.32,14879,4128,0,302,WW2019 Aisle 4 Base Image V7,Recording305_Participant302_00.00.00-00.43.46.mp4,P302.csv,SD2B18S5,path1698,2,B18S5,Red Bull,B17-19S2-5 Red Bull,Energy,Blue,Energy Multi Pack,Red Bull Energy Drink Sugar Free 6x250ml
26,,0,2159,0.3,27213,1088.52,14831,4409,0,302,WW2019 Aisle 4 Base Image V7,Recording305_Participant302_00.00.00-00.43.46.mp4,P302.csv,SD2B18S5,path1698,2,B18S5,Red Bull,B17-19S2-5 Red Bull,Energy,Blue,Energy Multi Pack,Red Bull Energy Drink Sugar Free 6x250ml
25,,0,2158,0.3,27205,1088.2,15111,4112,0,302,WW2019 Aisle 4 Base Image V7,Recording305_Participant302_00.00.00-00.43.46.mp4,P302.csv,SD2B19S4,path1780,2,B19S4,V,B19S1-6 V,Energy,Blue,Energy Multi Pack,V Energy Drink Blue 4x275ml
31,,0,2165,0.2,27277,1091.08,14902,4126,0,302,WW2019 Aisle 4 Base Image V7,Recording305_Participant302_00.00.00-00.43.46.mp4,P302.csv,SD2B18S4,path1778,2,B18S4,Red Bull,B17-19S2-5 Red Bull,Energy,Black,Energy Multi Pack,Red Bull Energy Drink Zero 4x250ml
29,,0,2162,0.22,27240,1089.6,14821,4178,0,302,WW2019 Aisle 4 Base Image V7,Recording305_Participant302_00.00.00-00.43.46.mp4,P302.csv,SD2B18S5,path1698,2,B18S5,Red Bull,B17-19S2-5 Red Bull,Energy,Blue,Energy Multi Pack,Red Bull Energy Drink Sugar Free 6x250ml
34,,0,2169,0.22,27449,1097.96,15058,4209,0,302,WW2019 Aisle 4 Base Image V7,Recording305_Participant302_00.00.00-00.43.46.mp4,P302.csv,SD2B18S5,path1698,2,B18S5,Red Bull,B17-19S2-5 Red Bull,Energy,Blue,Energy Multi Pack,Red Bull Energy Drink Sugar Free 6x250ml
24,,0,849,0.22,22060,882.4,13737,4281,0,305,WW2019 Aisle 4 Base Image V7,Recording308_Participant305_00.00.00-00.36.09.mp4,P305.csv,SD2B17S5,path1642,2,B17S5,Red Bull,B17-19S2-5 Red Bull,Energy,Blue,Energy Multi Pack,Red Bull Energy Drink 6x250ml
52,,0,1138,0.1,16294,651.76,14096,4054,0,307,WW2019 Aisle 4 Base Image V7,Recording310_Participant307_00.00.00-00.44.29.mp4,P307.csv,SD2B17S4,path1640,2,B17S4,Red Bull,B17-19S2-5 Red Bull,Energy,Blue,Energy Multi Pack,Red Bull Energy Drink 4x250ml
451,,0,1726,0.1,27235,1089.4,14839,4073,0,307,WW2019 Aisle 4 Base Image V7,Recording310_Participant307_00.00.00-00.44.29.mp4,P307.csv,SD2B18S4,path1776,2,B18S4,Red Bull,B17-19S2-5 Red Bull,Energy,Blue,Energy Multi Pack,Red Bull Energy Drink Sugar Free 4x250ml
467,,0,1770,0.1,28126,1125.04,15603,3352,0,307,WW2019 Aisle 4 Base Image V7,Recording310_Participant307_00.00.00-00.44.29.mp4,P307.csv,SD2B19S1,path1730,2,B19S1,V,B19S1-6 V,Energy,Blue,Energy Single Serve,V Energy Drink Blue 500ml
50,,0,1133,0.1,16092,643.68,15782,4547,0,307,WW2019 Aisle 4 Base Image V7,Recording310_Participant307_00.00.00-00.44.29.mp4,P307.csv,SD2B19S6,path1036-0,2,B19S6,V,B19S1-6 V,Energy,Green,Energy Multi Pack,V Energy Drink With Guarana 4x500ml
47,,0,1130,0.12,16064,642.56,15549,4678,0,307,WW2019 Aisle 4 Base Image V7,Recording310_Participant307_00.00.00-00.44.29.mp4,P307.csv,SD2B19S6,path1809,2,B19S6,V,B19S1-6 V,Energy,Green,Energy Multi Pack,V Energy Drink 6x275ml
42,,0,1125,0.58,16003,640.12,15241,4528,0,307,WW2019 Aisle 4 Base Image V7,Recording310_Participant307_00.00.00-00.44.29.mp4,P307.csv,SD2B19S6,path1807,2,B19S6,Red Bull,B19S6 Redbull,Energy,Blue,Energy Multi Pack,Red Bull Energy Drink 473ml x4 pack
49,,0,1132,0.16,16078,643.12,15667,4776,0,307,WW2019 Aisle 4 Base Image V7,Recording310_Participant307_00.00.00-00.44.29.mp4,P307.csv,SD2B19S6,path1036-0,2,B19S6,V,B19S1-6 V,Energy,Green,Energy Multi Pack,V Energy Drink With Guarana 4x500ml
182,,0,1384,0.16,21337,853.48,15562,4515,0,307,WW2019 Aisle 4 Base Image V7,Recording310_Participant307_00.00.00-00.44.29.mp4,P307.csv,SD2B19S6,path1809,2,B19S6,V,B19S1-6 V,Energy,Green,Energy Multi Pack,V Energy Drink 6x275ml
48,,0,1131,0.26,16068,642.72,15549,4678,0,307,WW2019 Aisle 4 Base Image V7,Recording310_Participant307_00.00.00-00.44.29.mp4,P307.csv,SD2B19S6,path1809,2,B19S6,V,B19S1-6 V,Energy,Green,Energy Multi Pack,V Energy Drink 6x275ml
31,,0,1112,0.28,15801,632.04,13761,3999,0,307,WW2019 Aisle 4 Base Image V7,Recording310_Participant307_00.00.00-00.44.29.mp4,P307.csv,SD2B17S4,path1640,2,B17S4,Red Bull,B17-19S2-5 Red Bull,Energy,Blue,Energy Multi Pack,Red Bull Energy Drink 4x250ml
43,,0,1126,0.28,16018,640.72,15703,4547,0,307,WW2019 Aisle 4 Base Image V7,Recording310_Participant307_00.00.00-00.44.29.mp4,P307.csv,SD2B19S6,path1036-0,2,B19S6,V,B19S1-6 V,Energy,Green,Energy Multi Pack,V Energy Drink With Guarana 4x500ml
45,,0,1128,0.28,16038,641.52,15786,4689,0,307,WW2019 Aisle 4 Base Image V7,Recording310_Participant307_00.00.00-00.44.29.mp4,P307.csv,SD2B19S6,path1036-0,2,B19S6,V,B19S1-6 V,Energy,Green,Energy Multi Pack,V Energy Drink With Guarana 4x500ml
46,,0,1129,0.28,16051,642.04,15304,4520,0,307,WW2019 Aisle 4 Base Image V7,Recording310_Participant307_00.00.00-00.44.29.mp4,P307.csv,SD2B19S6,path1807,2,B19S6,Red Bull,B19S6 Redbull,Energy,Blue,Energy Multi Pack,Red Bull Energy Drink 473ml x4 pack
44,,0,1127,0.22,16031,641.24,15766,4678,0,307,WW2019 Aisle 4 Base Image V7,Recording310_Participant307_00.00.00-00.44.29.mp4,P307.csv,SD2B19S6,path1036-0,2,B19S6,V,B19S1-6 V,Energy,Green,Energy Multi Pack,V Energy Drink With Guarana 4x500ml
41,,0,1490,0.12,18043,721.72,14935,3684,0,314,WW2019 Aisle 4 Base Image V7,Recording317_Participant314_00.00.00-00.36.02.mp4,P314.csv,SD2B18S3,path1744,2,B18S3,Red Bull,B17-19S2-5 Red Bull,Energy,Orange,Energy Single Serve,Red Bull Orange Energy Drink 250ml
40,,0,1489,0.34,18034,721.36,15579,3713,0,314,WW2019 Aisle 4 Base Image V7,Recording317_Participant314_00.00.00-00.36.02.mp4,P314.csv,SD2B19S3,path1750,2,B19S3,V,B19S1-6 V,Energy,Green,Energy Multi Pack,V Sugar Free Energy Drink 4pk 275ml
42,,0,1491,0.5,18051,722.04,15077,4077,0,314,WW2019 Aisle 4 Base Image V7,Recording317_Participant314_00.00.00-00.36.02.mp4,P314.csv,SD2B18S4,path1778,2,B18S4,Red Bull,B17-19S2-5 Red Bull,Energy,Black,Energy Multi Pack,Red Bull Energy Drink Zero 4x250ml
39,,0,1488,0.16,18029,721.16,15794,4162,0,314,WW2019 Aisle 4 Base Image V7,Recording317_Participant314_00.00.00-00.36.02.mp4,P314.csv,SD2B19S5,path1026,2,B19S5,V,B19S1-6 V,Energy,Green,Energy Multi Pack,V Energy Drink 4x275ml
43,,0,1492,0.28,18065,722.6,14660,3709,0,314,WW2019 Aisle 4 Base Image V7,Recording317_Participant314_00.00.00-00.36.02.mp4,P314.csv,SD2B18S3,path1740,2,B18S3,Red Bull,B17-19S2-5 Red Bull,Energy,Black,Energy Single Serve,Red Bull Energy Drink Zero 250ml
52,,0,2268,0.48,30157,1206.28,13694,4105,0,317,WW2019 Aisle 4 Base Image V7,Recording320_Participant317_00.00.00-00.35.55.mp4,P317.csv,SD2B17S4,path1640,2,B17S4,Red Bull,B17-19S2-5 Red Bull,Energy,Blue,Energy Multi Pack,Red Bull Energy Drink 4x250ml
46,,0,611,0.28,8166,326.64,15365,4505,0,324,WW2019 Aisle 4 Base Image V7,Recording327_Participant324_00.00.00-00.23.30.mp4,P324.csv,SD2B19S6,path1807,2,B19S6,Red Bull,B19S6 Redbull,Energy,Blue,Energy Multi Pack,Red Bull Energy Drink 473ml x4 pack
66,,0,582,0.12,7514,300.56,14826,3566,0,330,WW2019 Aisle 4 Base Image V7,Recording333_Participant330_00.00.00-00.19.06.mp4,P330.csv,SD2B18S2,path1756,2,B18S2,Red Bull,B17-19S2-5 Red Bull,Energy,Blue,Energy Single Serve,Red Bull Energy Drink 473ml
74,,0,590,0.16,7622,304.88,15773,4018,0,330,WW2019 Aisle 4 Base Image V7,Recording333_Participant330_00.00.00-00.19.06.mp4,P330.csv,SD2B19S4,path1024,2,B19S4,V,B19S1-6 V,Energy,Grey,Energy Multi Pack,V Pure Energy Drink 250ml x4 pack
71,,0,587,0.3,7571,302.84,14445,3789,0,330,WW2019 Aisle 4 Base Image V7,Recording333_Participant330_00.00.00-00.19.06.mp4,P330.csv,SD2B18S3,path1738,2,B18S3,Red Bull,B17-19S2-5 Red Bull,Energy,Blue,Energy Single Serve,Red Bull Energy Drink 355ml
214,,0,1211,0.14,14426,577.04,14915,4107,0,336,WW2019 Aisle 4 Base Image V7,Recording339_Participant336_00.00.00-00.16.56.mp4,P336.csv,SD2B18S4,path1778,2,B18S4,Red Bull,B17-19S2-5 Red Bull,Energy,Black,Energy Multi Pack,Red Bull Energy Drink Zero 4x250ml
82,,0,1348,0.1,20255,810.2,15539,3762,0,344,WW2019 Aisle 4 Base Image V7,Recording347_Participant344_00.00.00-00.33.42.mp4,P344.csv,SD2B19S3,path1750,2,B19S3,V,B19S1-6 V,Energy,Green,Energy Multi Pack,V Sugar Free Energy Drink 4pk 275ml
28,,0,1539,0.12,18924,756.96,15370,3789,0,350,WW2019 Aisle 4 Base Image V7,Recording353_Participant350_00.00.00-00.37.01.mp4,P350.csv,SD2B19S3,path1748,2,B19S3,V,B19S1-6 V,Energy,Green,Energy Single Serve,V Energy Drink Sugar Free With Guarana 250ml
30,,0,1541,0.14,18939,757.56,13719,4221,0,350,WW2019 Aisle 4 Base Image V7,Recording353_Participant350_00.00.00-00.37.01.mp4,P350.csv,SD2B17S5,path1642,2,B17S5,Red Bull,B17-19S2-5 Red Bull,Energy,Blue,Energy Multi Pack,Red Bull Energy Drink 6x250ml
29,,0,1540,0.24,18929,757.16,15103,3802,0,350,WW2019 Aisle 4 Base Image V7,Recording353_Participant350_00.00.00-00.37.01.mp4,P350.csv,SD2B19S3,path1746,2,B19S3,V,B19S1-6 V,Energy,Blue,Energy Single Serve,V Energy Drink Blue 250ml
85,,0,250,0.12,3524,140.96,15149,3634,0,354,WW2019 Aisle 4 Base Image V7,Recording357_Participant354_00.00.00-00.08.31.mp4,P354.csv,SD2B19S2,path1768,2,B18S2,Red Bull,B17-19S2-5 Red Bull,Energy,Blue,Energy Single Serve,Red Bull Energy Drink 250ml
82,,0,247,0.16,3506,140.24,15700,3529,0,354,WW2019 Aisle 4 Base Image V7,Recording357_Participant354_00.00.00-00.08.31.mp4,P354.csv,SD2B19S2,path1012,2,B19S2,V,B19S1-6 V,Energy,Green,Energy Single Serve,V Energy Drink 250ml
84,,0,249,0.18,3519,140.76,15411,3577,0,354,WW2019 Aisle 4 Base Image V7,Recording357_Participant354_00.00.00-00.08.31.mp4,P354.csv,SD2B19S2,path1768,2,B18S2,Red Bull,B17-19S2-5 Red Bull,Energy,Blue,Energy Single Serve,Red Bull Energy Drink 250ml
86,,0,251,0.24,3529,141.16,15847,3390,0,354,WW2019 Aisle 4 Base Image V7,Recording357_Participant354_00.00.00-00.08.31.mp4,P354.csv,SD2B19S1,path875-9,2,B19S1,V,B19S1-6 V,Energy,Blue,Energy Single Serve,V Forbidden Fruits Energy Drink 500ml
83,,0,248,0.26,3511,140.44,15539,3561,0,354,WW2019 Aisle 4 Base Image V7,Recording357_Participant354_00.00.00-00.08.31.mp4,P354.csv,SD2B19S2,path1768,2,B18S2,Red Bull,B17-19S2-5 Red Bull,Energy,Blue,Energy Single Serve,Red Bull Energy Drink 250ml
124,,0,2027,0.14,37809,1512.36,15646,4539,0,367,WW2019 Aisle 4 Base Image V7,Recording370_Participant367_00.00.00-00.56.59.mp4,P367.csv,SD2B19S6,path1036-0,2,B19S6,V,B19S1-6 V,Energy,Green,Energy Multi Pack,V Energy Drink With Guarana 4x500ml
125,,0,2028,0.18,37835,1513.4,15856,3941,0,367,WW2019 Aisle 4 Base Image V7,Recording370_Participant367_00.00.00-00.56.59.mp4,P367.csv,SD2B19S4,path1024,2,B19S4,V,B19S1-6 V,Energy,Grey,Energy Multi Pack,V Pure Energy Drink 250ml x4 pack
123,,0,2025,0.3,37754,1510.16,13983,4327,0,367,WW2019 Aisle 4 Base Image V7,Recording370_Participant367_00.00.00-00.56.59.mp4,P367.csv,SD2B17S5,path1642,2,B17S5,Red Bull,B17-19S2-5 Red Bull,Energy,Blue,Energy Multi Pack,Red Bull Energy Drink 6x250ml
77,,0,983,0.2,13344,533.76,15431,3797,0,383,WW2019 Aisle 4 Base Image V7,Recording386_Participant383_00.00.00-00.21.04.mp4,P383.csv,SD2B19S3,path1748,2,B19S3,V,B19S1-6 V,Energy,Green,Energy Single Serve,V Energy Drink Sugar Free With Guarana 250ml
47,,0,2166,0.34,29870,1194.8,13724,4086,0,384,WW2019 Aisle 4 Base Image V7,Recording387_Participant384_00.00.00-00.45.37.mp4,P384.csv,SD2B17S4,path1640,2,B17S4,Red Bull,B17-19S2-5 Red Bull,Energy,Blue,Energy Multi Pack,Red Bull Energy Drink 4x250ml
26,,0,733,0.1,10856,434.24,15428,4027,0,389,WW2019 Aisle 4 Base Image V7,Recording392_Participant389_00.00.00-00.19.13.mp4,P389.csv,SD2B19S4,path1782,2,B19S4,V,B19S1-6 V,Energy,Yellow,Energy Multi Pack,V Forbidden Fruits Energy Drink 250ml x4 pack
31,,0,738,0.12,10889,435.56,14447,4047,0,389,WW2019 Aisle 4 Base Image V7,Recording392_Participant389_00.00.00-00.19.13.mp4,P389.csv,SD2B18S4,path1640,2,B17S4,Red Bull,B17-19S2-5 Red Bull,Energy,Blue,Energy Multi Pack,Red Bull Energy Drink 4x250ml
32,,0,739,0.16,10893,435.72,14385,4049,0,389,WW2019 Aisle 4 Base Image V7,Recording392_Participant389_00.00.00-00.19.13.mp4,P389.csv,SD2B18S4,path1640,2,B17S4,Red Bull,B17-19S2-5 Red Bull,Energy,Blue,Energy Multi Pack,Red Bull Energy Drink 4x250ml
33,,0,740,0.16,10898,435.92,15600,4219,0,389,WW2019 Aisle 4 Base Image V7,Recording392_Participant389_00.00.00-00.19.13.mp4,P389.csv,SD2B19S5,path1026,2,B19S5,V,B19S1-6 V,Energy,Green,Energy Multi Pack,V Energy Drink 4x275ml
28,,0,735,0.2,10867,434.68,15179,3849,0,389,WW2019 Aisle 4 Base Image V7,Recording392_Participant389_00.00.00-00.19.13.mp4,P389.csv,SD2B19S3,path1746,2,B19S3,V,B19S1-6 V,Energy,Blue,Energy Single Serve,V Energy Drink Blue 250ml
27,,0,734,0.2,10860,434.4,15257,4182,0,389,WW2019 Aisle 4 Base Image V7,Recording392_Participant389_00.00.00-00.19.13.mp4,P389.csv,SD2B19S5,path1026,2,B19S5,V,B19S1-6 V,Energy,Green,Energy Multi Pack,V Energy Drink 4x275ml
13,,0,1228,0.1,19644,785.76,14797,3914,0,393,WW2019 Aisle 4 Base Image V7,Recording396_Participant393_00.00.00-00.38.05.mp4,P393.csv,SD2B18S4,path1776,2,B18S4,Red Bull,B17-19S2-5 Red Bull,Energy,Blue,Energy Multi Pack,Red Bull Energy Drink Sugar Free 4x250ml
335,,0,1911,0.16,26447,1057.88,14357,3723,0,395,WW2019 Aisle 4 Base Image V7,Recording398_Participant395_00.00.00-00.47.54.mp4,P395.csv,SD2B18S3,path1738,2,B18S3,Red Bull,B17-19S2-5 Red Bull,Energy,Blue,Energy Single Serve,Red Bull Energy Drink 355ml
331,,0,1907,0.2,26407,1056.28,15006,3682,0,395,WW2019 Aisle 4 Base Image V7,Recording398_Participant395_00.00.00-00.47.54.mp4,P395.csv,SD2B18S2,path1768,2,B18S2,Red Bull,B17-19S2-5 Red Bull,Energy,Blue,Energy Single Serve,Red Bull Energy Drink 250ml
48,,0,258,0.4,3598,143.92,15507,4191,0,397,WW2019 Aisle 4 Base Image V7,Recording400_Participant397_00.00.00-00.16.57.mp4,P397.csv,SD2B19S5,path1026,2,B19S5,V,B19S1-6 V,Energy,Green,Energy Multi Pack,V Energy Drink 4x275ml
49,,0,260,0.16,3622,144.88,14060,4105,0,397,WW2019 Aisle 4 Base Image V7,Recording400_Participant397_00.00.00-00.16.57.mp4,P397.csv,SD2B17S4,path1640,2,B17S4,Red Bull,B17-19S2-5 Red Bull,Energy,Blue,Energy Multi Pack,Red Bull Energy Drink 4x250ml
92,,0,883,0.16,10809,432.36,14959,3913,0,400,WW2019 Aisle 4 Base Image V7,Recording403_Participant400_00.00.00-00.28.15.mp4,P400.csv,SD2B18S3,path1744,2,B18S3,Red Bull,B17-19S2-5 Red Bull,Energy,Orange,Energy Single Serve,Red Bull Orange Energy Drink 250ml
49,,0,695,0.12,8052,322.08,15184,4368,0,406,WW2019 Aisle 4 Base Image V7,Recording409_Participant406_00.00.00-00.25.41.mp4,P406.csv,SD2B19S5,path1026,2,B19S5,V,B19S1-6 V,Energy,Green,Energy Multi Pack,V Energy Drink 4x275ml
107,,0,1684,0.1,22123,884.92,15768,4274,0,407,WW2019 Aisle 4 Base Image V7,Recording410_Participant407_00.00.00-00.47.10.mp4,P407.csv,SD2B19S5,path1026,2,B19S5,V,B19S1-6 V,Energy,Green,Energy Multi Pack,V Energy Drink 4x275ml
108,,0,1685,0.1,22127,885.08,15800,4296,0,407,WW2019 Aisle 4 Base Image V7,Recording410_Participant407_00.00.00-00.47.10.mp4,P407.csv,SD2B19S5,path1026,2,B19S5,V,B19S1-6 V,Energy,Green,Energy Multi Pack,V Energy Drink 4x275ml
14,,0,293,0.34,4402,176.08,15723,4129,0,418,WW2019 Aisle 4 Base Image V7,Recording420_Participant418_00.00.00-00.16.11.mp4,P418.csv,SD2B19S4,path1024,2,B19S4,V,B19S1-6 V,Energy,Grey,Energy Multi Pack,V Pure Energy Drink 250ml x4 pack
13,,0,292,0.26,4389,175.56,15805,4034,0,418,WW2019 Aisle 4 Base Image V7,Recording420_Participant418_00.00.00-00.16.11.mp4,P418.csv,SD2B19S4,path1024,2,B19S4,V,B19S1-6 V,Energy,Grey,Energy Multi Pack,V Pure Energy Drink 250ml x4 pack
61,,0,981,0.24,12517,500.68,15515,4725,0,423,WW2019 Aisle 4 Base Image V7,Recording425_Participant423_00.00.00-00.30.40.mp4,P423.csv,SD2B19S6,path1809,2,B19S6,V,B19S1-6 V,Energy,Green,Energy Multi Pack,V Energy Drink 6x275ml
70,,0,995,0.28,12652,506.08,15825,4766,0,423,WW2019 Aisle 4 Base Image V7,Recording425_Participant423_00.00.00-00.30.40.mp4,P423.csv,SD2B19S6,path1036-0,2,B19S6,V,B19S1-6 V,Energy,Green,Energy Multi Pack,V Energy Drink With Guarana 4x500ml
67,,0,990,0.22,12599,503.96,15731,4649,0,423,WW2019 Aisle 4 Base Image V7,Recording425_Participant423_00.00.00-00.30.40.mp4,P423.csv,SD2B19S6,path1036-0,2,B19S6,V,B19S1-6 V,Energy,Green,Energy Multi Pack,V Energy Drink With Guarana 4x500ml
63,,0,1637,0.18,17247,689.88,14933,4130,0,424,WW2019 Aisle 4 Base Image V7,Recording426_Participant424_00.00.00-00.32.56.mp4,P424.csv,SD2B18S4,path1778,2,B18S4,Red Bull,B17-19S2-5 Red Bull,Energy,Black,Energy Multi Pack,Red Bull Energy Drink Zero 4x250ml
70,,0,1698,0.42,23878,955.12,15744,3785,0,428,WW2019 Aisle 4 Base Image V7,Recording430_Participant428_00.00.00-00.34.51.mp4,P428.csv,SD2B19S3,path1750,2,B19S3,V,B19S1-6 V,Energy,Green,Energy Multi Pack,V Sugar Free Energy Drink 4pk 275ml
16,,0,468,0.24,6059,242.36,13851,4274,0,432,WW2019 Aisle 4 Base Image V7,Recording434_Participant432_00.00.00-00.08.56.mp4,P432.csv,SD2B17S5,path1642,2,B17S5,Red Bull,B17-19S2-5 Red Bull,Energy,Blue,Energy Multi Pack,Red Bull Energy Drink 6x250ml
101,,0,683,0.44,8049,321.96,14046,4150,0,436,WW2019 Aisle 4 Base Image V7,Recording437_Participant436_00.00.00-00.13.26.mp4,P436.csv,SD2B17S5,path1642,2,B17S5,Red Bull,B17-19S2-5 Red Bull,Energy,Blue,Energy Multi Pack,Red Bull Energy Drink 6x250ml
105,,0,687,0.2,8085,323.4,14729,4146,0,436,WW2019 Aisle 4 Base Image V7,Recording437_Participant436_00.00.00-00.13.26.mp4,P436.csv,SD2B18S5,path1642,2,B17S5,Red Bull,B17-19S2-5 Red Bull,Energy,Blue,Energy Multi Pack,Red Bull Energy Drink 6x250ml
200,,0,2314,0.14,29348,1173.92,13851,4405,0,443,WW2019 Aisle 4 Base Image V7,Recording444_Participant443_00.00.00-00.51.55.mp4,P443.csv,SD2B17S5,path1642,2,B17S5,Red Bull,B17-19S2-5 Red Bull,Energy,Blue,Energy Multi Pack,Red Bull Energy Drink 6x250ml
202,,0,2316,0.18,29363,1174.52,15572,4073,0,443,WW2019 Aisle 4 Base Image V7,Recording444_Participant443_00.00.00-00.51.55.mp4,P443.csv,SD2B19S4,path1784,2,B19S4,V,B19S1-6 V,Energy,Purple,Energy Multi Pack,V Energy Drink Sugar Free Tropical 4x275ml
201,,0,2315,0.28,29354,1174.16,15000,3800,0,443,WW2019 Aisle 4 Base Image V7,Recording444_Participant443_00.00.00-00.51.55.mp4,P443.csv,SD2B18S3,path1744,2,B18S3,Red Bull,B17-19S2-5 Red Bull,Energy,Orange,Energy Single Serve,Red Bull Orange Energy Drink 250ml
7,,0,400,0.26,5396,215.84,15644,4392,0,444,WW2019 Aisle 4 Base Image V7,Recording445_Participant444_00.00.00-00.08.43.mp4,P444.csv,SD2B19S5,path1026,2,B19S5,V,B19S1-6 V,Energy,Green,Energy Multi Pack,V Energy Drink 4x275ml
24,,0,778,0.12,11134,445.36,14940,3528,0,448,WW2019 Aisle 4 Base Image V7,Recording449_Participant448_00.00.00-00.26.13.mp4,P448.csv,SD2B18S2,path1756,2,B18S2,Red Bull,B17-19S2-5 Red Bull,Energy,Blue,Energy Single Serve,Red Bull Energy Drink 473ml
73,,0,774,0.2,11099,443.96,14946,3779,0,448,WW2019 Aisle 4 Base Image V7,Recording449_Participant448_00.00.00-00.26.13.mp4,P448.csv,SD2B18S3,path1744,2,B18S3,Red Bull,B17-19S2-5 Red Bull,Energy,Orange,Energy Single Serve,Red Bull Orange Energy Drink 250ml
39,,0,1247,0.1,16685,667.4,15117,3886,0,454,WW2019 Aisle 4 Base Image V7,Recording455_Participant454_00.00.00-00.19.09.mp4,P454.csv,SD2B19S3,path1746,2,B19S3,V,B19S1-6 V,Energy,Blue,Energy Single Serve,V Energy Drink Blue 250ml
185,,0,1152,0.1,18151,726.04,15746,3409,0,460,WW2019 Aisle 4 Base Image V7,Recording461_Participant460_00.00.00-00.55.42.mp4,P460.csv,SD2B19S1,path875-9,2,B19S1,V,B19S1-6 V,Energy,Blue,Energy Single Serve,V Forbidden Fruits Energy Drink 500ml
22,,0,950,0.1,13128,525.12,14816,4257,0,461,WW2019 Aisle 4 Base Image V7,Recording462_Participant461_00.00.00-00.30.18.mp4,P461.csv,SD2B18S5,path1698,2,B18S5,Red Bull,B17-19S2-5 Red Bull,Energy,Blue,Energy Multi Pack,Red Bull Energy Drink Sugar Free 6x250ml
29,,0,689,0.12,11026,441.04,14897,4214,0,468,WW2019 Aisle 4 Base Image V7,Recording469_Participant468_00.00.00-00.31.27.mp4,P468.csv,SD2B18S5,path1698,2,B18S5,Red Bull,B17-19S2-5 Red Bull,Energy,Blue,Energy Multi Pack,Red Bull Energy Drink Sugar Free 6x250ml
28,,0,688,0.16,11021,440.84,14613,4214,0,468,WW2019 Aisle 4 Base Image V7,Recording469_Participant468_00.00.00-00.31.27.mp4,P468.csv,SD2B18S5,path1642,2,B17S5,Red Bull,B17-19S2-5 Red Bull,Energy,Blue,Energy Multi Pack,Red Bull Energy Drink 6x250ml
47,,0,1108,0.1,16230,649.2,15354,4088,0,472,WW2019 Aisle 4 Base Image V7,Recording473_Participant472_00.00.00-01.10.00.mp4,P472.csv,SD2B19S4,path1782,2,B19S4,V,B19S1-6 V,Energy,Yellow,Energy Multi Pack,V Forbidden Fruits Energy Drink 250ml x4 pack
45,,0,1106,0.4,16213,648.52,15486,3973,0,472,WW2019 Aisle 4 Base Image V7,Recording473_Participant472_00.00.00-01.10.00.mp4,P472.csv,SD2B19S4,path1784,2,B19S4,V,B19S1-6 V,Energy,Purple,Energy Multi Pack,V Energy Drink Sugar Free Tropical 4x275ml
48,,0,1109,0.16,16233,649.32,14650,4229,0,472,WW2019 Aisle 4 Base Image V7,Recording473_Participant472_00.00.00-01.10.00.mp4,P472.csv,SD2B18S5,path1642,2,B17S5,Red Bull,B17-19S2-5 Red Bull,Energy,Blue,Energy Multi Pack,Red Bull Energy Drink 6x250ml
46,,0,1107,0.16,16224,648.96,15521,3819,0,472,WW2019 Aisle 4 Base Image V7,Recording473_Participant472_00.00.00-01.10.00.mp4,P472.csv,SD2B19S3,path1750,2,B19S3,V,B19S1-6 V,Energy,Green,Energy Multi Pack,V Sugar Free Energy Drink 4pk 275ml
44,,0,1105,0.16,16208,648.32,15525,4037,0,472,WW2019 Aisle 4 Base Image V7,Recording473_Participant472_00.00.00-01.10.00.mp4,P472.csv,SD2B19S4,path1784,2,B19S4,V,B19S1-6 V,Energy,Purple,Energy Multi Pack,V Energy Drink Sugar Free Tropical 4x275ml
43,,0,1104,0.2,16199,647.96,15764,4092,0,472,WW2019 Aisle 4 Base Image V7,Recording473_Participant472_00.00.00-01.10.00.mp4,P472.csv,SD2B19S4,path1024,2,B19S4,V,B19S1-6 V,Energy,Grey,Energy Multi Pack,V Pure Energy Drink 250ml x4 pack
30,,0,1778,0.12,24598,983.92,14949,3639,0,478,WW2019 Aisle 4 Base Image V7,Recording479_Participant478_00.00.00-00.54.09.mp4,P478.csv,SD2B18S2,path1756,2,B18S2,Red Bull,B17-19S2-5 Red Bull,Energy,Blue,Energy Single Serve,Red Bull Energy Drink 473ml
189,,0,1837,0.1,20982,839.28,13672,4443,0,487,WW2019 Aisle 4 Base Image V7,Recording488_Participant487_00.00.00-00.32.18.mp4,P487.csv,SD2B17S5,path1642,2,B17S5,Red Bull,B17-19S2-5 Red Bull,Energy,Blue,Energy Multi Pack,Red Bull Energy Drink 6x250ml
96,,0,1835,0.1,20954,838.16,14951,4279,0,487,WW2019 Aisle 4 Base Image V7,Recording488_Participant487_00.00.00-00.32.18.mp4,P487.csv,SD2B18S5,path1698,2,B18S5,Red Bull,B17-19S2-5 Red Bull,Energy,Blue,Energy Multi Pack,Red Bull Energy Drink Sugar Free 6x250ml
100,,0,1840,0.12,21001,840.04,15049,3773,0,487,WW2019 Aisle 4 Base Image V7,Recording488_Participant487_00.00.00-00.32.18.mp4,P487.csv,SD2B18S3,path1744,2,B18S3,Red Bull,B17-19S2-5 Red Bull,Energy,Orange,Energy Single Serve,Red Bull Orange Energy Drink 250ml
102,,0,1842,0.16,21025,841,15757,4029,0,487,WW2019 Aisle 4 Base Image V7,Recording488_Participant487_00.00.00-00.32.18.mp4,P487.csv,SD2B19S4,path1024,2,B19S4,V,B19S1-6 V,Energy,Grey,Energy Multi Pack,V Pure Energy Drink 250ml x4 pack
99,,0,1839,0.26,20994,839.76,14450,3795,0,487,WW2019 Aisle 4 Base Image V7,Recording488_Participant487_00.00.00-00.32.18.mp4,P487.csv,SD2B18S3,path1738,2,B18S3,Red Bull,B17-19S2-5 Red Bull,Energy,Blue,Energy Single Serve,Red Bull Energy Drink 355ml
101,,0,1841,0.2,21006,840.24,15708,3779,0,487,WW2019 Aisle 4 Base Image V7,Recording488_Participant487_00.00.00-00.32.18.mp4,P487.csv,SD2B19S3,path1750,2,B19S3,V,B19S1-6 V,Energy,Green,Energy Multi Pack,V Sugar Free Energy Drink 4pk 275ml
98,,0,1838,0.22,20987,839.48,14232,4263,0,487,WW2019 Aisle 4 Base Image V7,Recording488_Participant487_00.00.00-00.32.18.mp4,P487.csv,SD2B18S5,path1642,2,B17S5,Red Bull,B17-19S2-5 Red Bull,Energy,Blue,Energy Multi Pack,Red Bull Energy Drink 6x250ml
36,,0,1285,0.1,15559,622.36,14442,3941,0,490,WW2019 Aisle 4 Base Image V7,Recording491_Participant490_00.00.00-00.47.20.mp4,P490.csv,SD2B18S4,path1640,2,B17S4,Red Bull,B17-19S2-5 Red Bull,Energy,Blue,Energy Multi Pack,Red Bull Energy Drink 4x250ml
47,,0,1296,0.1,15620,624.8,15370,4019,0,490,WW2019 Aisle 4 Base Image V7,Recording491_Participant490_00.00.00-00.47.20.mp4,P490.csv,SD2B19S4,path1782,2,B19S4,V,B19S1-6 V,Energy,Yellow,Energy Multi Pack,V Forbidden Fruits Energy Drink 250ml x4 pack
41,,0,1290,0.12,15587,623.48,14904,4146,0,490,WW2019 Aisle 4 Base Image V7,Recording491_Participant490_00.00.00-00.47.20.mp4,P490.csv,SD2B18S4,path1778,2,B18S4,Red Bull,B17-19S2-5 Red Bull,Energy,Black,Energy Multi Pack,Red Bull Energy Drink Zero 4x250ml
46,,0,1295,0.12,15616,624.64,15317,4057,0,490,WW2019 Aisle 4 Base Image V7,Recording491_Participant490_00.00.00-00.47.20.mp4,P490.csv,SD2B19S4,path1782,2,B19S4,V,B19S1-6 V,Energy,Yellow,Energy Multi Pack,V Forbidden Fruits Energy Drink 250ml x4 pack
35,,0,1284,0.14,15550,622,14353,3938,0,490,WW2019 Aisle 4 Base Image V7,Recording491_Participant490_00.00.00-00.47.20.mp4,P490.csv,SD2B18S4,path1640,2,B17S4,Red Bull,B17-19S2-5 Red Bull,Energy,Blue,Energy Multi Pack,Red Bull Energy Drink 4x250ml
43,,0,1292,0.16,15599,623.96,14932,4118,0,490,WW2019 Aisle 4 Base Image V7,Recording491_Participant490_00.00.00-00.47.20.mp4,P490.csv,SD2B18S4,path1778,2,B18S4,Red Bull,B17-19S2-5 Red Bull,Energy,Black,Energy Multi Pack,Red Bull Energy Drink Zero 4x250ml
128,,0,1291,0.16,15593,623.72,14921,4145,0,490,WW2019 Aisle 4 Base Image V7,Recording491_Participant490_00.00.00-00.47.20.mp4,P490.csv,SD2B18S4,path1778,2,B18S4,Red Bull,B17-19S2-5 Red Bull,Energy,Black,Energy Multi Pack,Red Bull Energy Drink Zero 4x250ml
49,,0,1298,0.16,15638,625.52,15652,4063,0,490,WW2019 Aisle 4 Base Image V7,Recording491_Participant490_00.00.00-00.47.20.mp4,P490.csv,SD2B19S4,path1024,2,B19S4,V,B19S1-6 V,Energy,Grey,Energy Multi Pack,V Pure Energy Drink 250ml x4 pack
40,,0,1289,0.18,15580,623.2,14483,3794,0,490,WW2019 Aisle 4 Base Image V7,Recording491_Participant490_00.00.00-00.47.20.mp4,P490.csv,SD2B18S3,path1738,2,B18S3,Red Bull,B17-19S2-5 Red Bull,Energy,Blue,Energy Single Serve,Red Bull Energy Drink 355ml
48,,0,1297,0.18,15633,625.32,15639,4052,0,490,WW2019 Aisle 4 Base Image V7,Recording491_Participant490_00.00.00-00.47.20.mp4,P490.csv,SD2B19S4,path1024,2,B19S4,V,B19S1-6 V,Energy,Grey,Energy Multi Pack,V Pure Energy Drink 250ml x4 pack
45,,0,1294,0.26,15609,624.36,14880,4451,0,490,WW2019 Aisle 4 Base Image V7,Recording491_Participant490_00.00.00-00.47.20.mp4,P490.csv,SD2B18S5,path1698,2,B18S5,Red Bull,B17-19S2-5 Red Bull,Energy,Blue,Energy Multi Pack,Red Bull Energy Drink Sugar Free 6x250ml
81,,0,3290,0.1,40860,1634.4,14674,4048,0,491,WW2019 Aisle 4 Base Image V7,Recording492_Participant491_00.00.00-00.54.09.mp4,P491.csv,SD2B18S4,path1776,2,B18S4,Red Bull,B17-19S2-5 Red Bull,Energy,Blue,Energy Multi Pack,Red Bull Energy Drink Sugar Free 4x250ml
82,,0,3291,0.14,40869,1634.76,14674,4048,0,491,WW2019 Aisle 4 Base Image V7,Recording492_Participant491_00.00.00-00.54.09.mp4,P491.csv,SD2B18S4,path1776,2,B18S4,Red Bull,B17-19S2-5 Red Bull,Energy,Blue,Energy Multi Pack,Red Bull Energy Drink Sugar Free 4x250ml
83,,0,3292,0.16,40873,1634.92,14567,4036,0,491,WW2019 Aisle 4 Base Image V7,Recording492_Participant491_00.00.00-00.54.09.mp4,P491.csv,SD2B18S4,path1640,2,B17S4,Red Bull,B17-19S2-5 Red Bull,Energy,Blue,Energy Multi Pack,Red Bull Energy Drink 4x250ml
84,,0,3293,0.18,40879,1635.16,14456,4003,0,491,WW2019 Aisle 4 Base Image V7,Recording492_Participant491_00.00.00-00.54.09.mp4,P491.csv,SD2B18S4,path1640,2,B17S4,Red Bull,B17-19S2-5 Red Bull,Energy,Blue,Energy Multi Pack,Red Bull Energy Drink 4x250ml
28,,0,375,0.12,5523,220.92,15618,3539,0,492,WW2019 Aisle 4 Base Image V7,Recording493_Participant492_00.00.00-00.15.06.mp4,P492.csv,SD2B19S2,path1012,2,B19S2,V,B19S1-6 V,Energy,Green,Energy Single Serve,V Energy Drink 250ml
22,,0,1846,0.12,31938,1277.52,15522,3632,0,496,WW2019 Aisle 4 Base Image V7,Recording497_Participant496_00.00.00-00.52.58.mp4,P496.csv,SD2B19S2,path1768,2,B18S2,Red Bull,B17-19S2-5 Red Bull,Energy,Blue,Energy Single Serve,Red Bull Energy Drink 250ml
21,,0,1845,0.2,31932,1277.28,15662,3771,0,496,WW2019 Aisle 4 Base Image V7,Recording497_Participant496_00.00.00-00.52.58.mp4,P496.csv,SD2B19S3,path1750,2,B19S3,V,B19S1-6 V,Energy,Green,Energy Multi Pack,V Sugar Free Energy Drink 4pk 275ml
39,,0,1350,0.1,21681,867.24,14791,3881,0,498,WW2019 Aisle 4 Base Image V7,Recording498_Participant498_00.00.00-00.40.12.mp4,P498.csv,SD2B18S3,path1742,2,B18S3,Red Bull,B17-19S2-5 Red Bull,Energy,Blue,Energy Single Serve,Red Bull Energy Drink Sugar Free 250ml
42,,0,1354,0.1,21748,869.92,15580,4287,0,498,WW2019 Aisle 4 Base Image V7,Recording498_Participant498_00.00.00-00.40.12.mp4,P498.csv,SD2B19S5,path1026,2,B19S5,V,B19S1-6 V,Energy,Green,Energy Multi Pack,V Energy Drink 4x275ml
40,,0,1351,0.12,21685,867.4,14972,3857,0,498,WW2019 Aisle 4 Base Image V7,Recording498_Participant498_00.00.00-00.40.12.mp4,P498.csv,SD2B18S3,path1744,2,B18S3,Red Bull,B17-19S2-5 Red Bull,Energy,Orange,Energy Single Serve,Red Bull Orange Energy Drink 250ml
46,,0,1897,0.26,26481,1059.24,15457,3877,0,499,WW2019 Aisle 4 Base Image V7,Recording499_Participant499_00.00.00-00.51.57.mp4,P499.csv,SD2B19S3,path1748,2,B19S3,V,B19S1-6 V,Energy,Green,Energy Single Serve,V Energy Drink Sugar Free With Guarana 250ml
45,,0,1896,0.22,26473,1058.92,15212,3936,0,499,WW2019 Aisle 4 Base Image V7,Recording499_Participant499_00.00.00-00.51.57.mp4,P499.csv,SD2B19S4,path1780,2,B19S4,V,B19S1-6 V,Energy,Blue,Energy Multi Pack,V Energy Drink Blue 4x275ml
31,,0,1233,0.14,17511,700.44,14871,3553,0,501,WW2019 Aisle 4 Base Image V7,Recording501_Participant501_00.00.00-00.46.15.mp4,P501.csv,SD2B18S2,path1756,2,B18S2,Red Bull,B17-19S2-5 Red Bull,Energy,Blue,Energy Single Serve,Red Bull Energy Drink 473ml
32,,0,1234,0.14,17517,700.68,14842,3632,0,501,WW2019 Aisle 4 Base Image V7,Recording501_Participant501_00.00.00-00.46.15.mp4,P501.csv,SD2B18S2,path1756,2,B18S2,Red Bull,B17-19S2-5 Red Bull,Energy,Blue,Energy Single Serve,Red Bull Energy Drink 473ml
30,,0,1232,0.26,17489,699.56,14778,3811,0,501,WW2019 Aisle 4 Base Image V7,Recording501_Participant501_00.00.00-00.46.15.mp4,P501.csv,SD2B18S3,path1742,2,B18S3,Red Bull,B17-19S2-5 Red Bull,Energy,Blue,Energy Single Serve,Red Bull Energy Drink Sugar Free 250ml
29,,0,1231,0.22,17481,699.24,14964,4019,0,501,WW2019 Aisle 4 Base Image V7,Recording501_Participant501_00.00.00-00.46.15.mp4,P501.csv,SD2B18S4,path1778,2,B18S4,Red Bull,B17-19S2-5 Red Bull,Energy,Black,Energy Multi Pack,Red Bull Energy Drink Zero 4x250ml
